"Date","Source","Site ID","POC","Daily Mean PM2.5 Concentration","Units","Daily AQI Value","Local Site Name","Daily Obs Count","Percent Complete","AQS Parameter Code","AQS Parameter Description","Method Code","Method Description","CBSA Code","CBSA Name","State FIPS Code","State","County FIPS Code","County","Site Latitude","Site Longitude"
"01/01/2019","AQS","530330030","5","16.5","ug/m3 LC","65","Seattle-10th & Weller","1","100.0000","88101","PM2.5 - Local Conditions","170","Met One BAM-1020 Mass Monitor w/VSCC","42660","Seattle-Tacoma-Bellevue, WA","53","Washington","033","King","47.597222","-122.319722"
"01/02/2019","AQS","530330030","5","11.4","ug/m3 LC","55","Seattle-10th & Weller","1","100.0000","88101","PM2.5 - Local Conditions","170","Met One BAM-1020 Mass Monitor w/VSCC","42660","Seattle-Tacoma-Bellevue, WA","53","Washington","033","King","47.597222","-122.319722"
"01/03/2019","AQS","530330030","5","7.2","ug/m3 LC","40","Seattle-10th & Weller","1","100.0000","88101","PM2.5 - Local Conditions","170","Met One BAM-1020 Mass Monitor w/VSCC","42660","Seattle-Tacoma-Bellevue, WA","53","Washington","033","King","47.597222","-122.319722"
"01/04/2019","AQS","530330030","5","5","ug/m3 LC","28","Seattle-10th & Weller","1","100.0000","88101","PM2.5 - Local Conditions","170","Met One BAM-1020 Mass Monitor w/VSCC","42660","Seattle-Tacoma-Bellevue, WA","53","Washington","033","King","47.597222","-122.319722"
"01/05/2019","AQS","530330030","5","8.3","ug/m3 LC","46","Seattle-10th & Weller","1","100.0000","88101","PM2.5 - Local Conditions","170","Met One BAM-1020 Mass Monitor w/VSCC","42660","Seattle-Tacoma-Bellevue, WA","53","Washington","033","King","47.597222","-122.319722"
"01/06/2019","AQS","530330030","5","4.6","ug/m3 LC","26","Seattle-10th & Weller","1","100.0000","88101","PM2.5 - Local Conditions","170","Met One BAM-1020 Mass Monitor w/VSCC","42660","Seattle-Tacoma-Bellevue, WA","53","Washington","033","King","47.597222","-122.319722"
"01/07/2019","AQS","530330030","5","6.7","ug/m3 LC","37","Seattle-10th & Weller","1","100.0000","88101","PM2.5 - Local Conditions","170","Met One BAM-1020 Mass Monitor w/VSCC","42660","Seattle-Tacoma-Bellevue, WA","53","Washington","033","King","47.597222","-122.319722"
"01/08/2019","AQS","530330030","5","8.6","ug/m3 LC","48","Seattle-10th & Weller","1","100.0000","88101","PM2.5 - Local Conditions","170","Met One BAM-1020 Mass Monitor w/VSCC","42660","Seattle-Tacoma-Bellevue, WA","53","Washington","033","King","47.597222","-122.319722"
"01/09/2019","AQS","530330030","5","5","ug/m3 LC","28","Seattle-10th & Weller","1","100.0000","88101","PM2.5 - Local Conditions","170","Met One BAM-1020 Mass Monitor w/VSCC","42660","Seattle-Tacoma-Bellevue, WA","53","Washington","033","King","47.597222","-122.319722"
"01/10/2019","AQS","530330030","5","3.6","ug/m3 LC","20","Seattle-10th & Weller","1","100.0000","88101","PM2.5 - Local Conditions","170","Met One BAM-1020 Mass Monitor w/VSCC","42660","Seattle-Tacoma-Bellevue, WA","53","Washington","033","King","47.597222","-122.319722"
"01/11/2019","AQS","530330030","5","13.2","ug/m3 LC","59","Seattle-10th & Weller","1","100.0000","88101","PM2.5 - Local Conditions","170","Met One BAM-1020 Mass Monitor w/VSCC","42660","Seattle-Tacoma-Bellevue, WA","53","Washington","033","King","47.597222","-122.319722"
"01/12/2019","AQS","530330030","5","18","ug/m3 LC","68","Seattle-10th & Weller","1","100.0000","88101","PM2.5 - Local Conditions","170","Met One BAM-1020 Mass Monitor w/VSCC","42660","Seattle-Tacoma-Bellevue, WA","53","Washington","033","King","47.597222","-122.319722"
"01/13/2019","AQS","530330030","5","16.8","ug/m3 LC","65","Seattle-10th & Weller","1","100.0000","88101","PM2.5 - Local Conditions","170","Met One BAM-1020 Mass Monitor w/VSCC","42660","Seattle-Tacoma-Bellevue, WA","53","Washington","033","King","47.597222","-122.319722"
"01/14/2019","AQS","530330030","5","14.4","ug/m3 LC","61","Seattle-10th & Weller","1","100.0000","88101","PM2.5 - Local Conditions","170","Met One BAM-1020 Mass Monitor w/VSCC","42660","Seattle-Tacoma-Bellevue, WA","53","Washington","033","King","47.597222","-122.319722"
"01/15/2019","AQS","530330030","5","28.7","ug/m3 LC","88","Seattle-10th & Weller","1","100.0000","88101","PM2.5 - Local Conditions","170","Met One BAM-1020 Mass Monitor w/VSCC","42660","Seattle-Tacoma-Bellevue, WA","53","Washington","033","King","47.597222","-122.319722"
"01/16/2019","AQS","530330030","5","19.3","ug/m3 LC","70","Seattle-10th & Weller","1","100.0000","88101","PM2.5 - Local Conditions","170","Met One BAM-1020 Mass Monitor w/VSCC","42660","Seattle-Tacoma-Bellevue, WA","53","Washington","033","King","47.597222","-122.319722"
"01/17/2019","AQS","530330030","5","5","ug/m3 LC","28","Seattle-10th & Weller","1","100.0000","88101","PM2.5 - Local Conditions","170","Met One BAM-1020 Mass Monitor w/VSCC","42660","Seattle-Tacoma-Bellevue, WA","53","Washington","033","King","47.597222","-122.319722"
"01/18/2019","AQS","530330030","5","4.3","ug/m3 LC","24","Seattle-10th & Weller","1","100.0000","88101","PM2.5 - Local Conditions","170","Met One BAM-1020 Mass Monitor w/VSCC","42660","Seattle-Tacoma-Bellevue, WA","53","Washington","033","King","47.597222","-122.319722"
"01/19/2019","AQS","530330030","5","7.5","ug/m3 LC","42","Seattle-10th & Weller","1","100.0000","88101","PM2.5 - Local Conditions","170","Met One BAM-1020 Mass Monitor w/VSCC","42660","Seattle-Tacoma-Bellevue, WA","53","Washington","033","King","47.597222","-122.319722"
"01/20/2019","AQS","530330030","5","7.2","ug/m3 LC","40","Seattle-10th & Weller","1","100.0000","88101","PM2.5 - Local Conditions","170","Met One BAM-1020 Mass Monitor w/VSCC","42660","Seattle-Tacoma-Bellevue, WA","53","Washington","033","King","47.597222","-122.319722"
"01/21/2019","AQS","530330030","5","16.5","ug/m3 LC","65","Seattle-10th & Weller","1","100.0000","88101","PM2.5 - Local Conditions","170","Met One BAM-1020 Mass Monitor w/VSCC","42660","Seattle-Tacoma-Bellevue, WA","53","Washington","033","King","47.597222","-122.319722"
"01/22/2019","AQS","530330030","5","5.6","ug/m3 LC","31","Seattle-10th & Weller","1","100.0000","88101","PM2.5 - Local Conditions","170","Met One BAM-1020 Mass Monitor w/VSCC","42660","Seattle-Tacoma-Bellevue, WA","53","Washington","033","King","47.597222","-122.319722"
"01/23/2019","AQS","530330030","5","4","ug/m3 LC","22","Seattle-10th & Weller","1","100.0000","88101","PM2.5 - Local Conditions","170","Met One BAM-1020 Mass Monitor w/VSCC","42660","Seattle-Tacoma-Bellevue, WA","53","Washington","033","King","47.597222","-122.319722"
"01/24/2019","AQS","530330030","5","10.5","ug/m3 LC","54","Seattle-10th & Weller","1","100.0000","88101","PM2.5 - Local Conditions","170","Met One BAM-1020 Mass Monitor w/VSCC","42660","Seattle-Tacoma-Bellevue, WA","53","Washington","033","King","47.597222","-122.319722"
"01/25/2019","AQS","530330030","5","11.5","ug/m3 LC","55","Seattle-10th & Weller","1","100.0000","88101","PM2.5 - Local Conditions","170","Met One BAM-1020 Mass Monitor w/VSCC","42660","Seattle-Tacoma-Bellevue, WA","53","Washington","033","King","47.597222","-122.319722"
"01/26/2019","AQS","530330030","5","11.9","ug/m3 LC","56","Seattle-10th & Weller","1","100.0000","88101","PM2.5 - Local Conditions","170","Met One BAM-1020 Mass Monitor w/VSCC","42660","Seattle-Tacoma-Bellevue, WA","53","Washington","033","King","47.597222","-122.319722"
"01/27/2019","AQS","530330030","5","11.2","ug/m3 LC","55","Seattle-10th & Weller","1","100.0000","88101","PM2.5 - Local Conditions","170","Met One BAM-1020 Mass Monitor w/VSCC","42660","Seattle-Tacoma-Bellevue, WA","53","Washington","033","King","47.597222","-122.319722"
"01/28/2019","AQS","530330030","5","6.6","ug/m3 LC","37","Seattle-10th & Weller","1","100.0000","88101","PM2.5 - Local Conditions","170","Met One BAM-1020 Mass Monitor w/VSCC","42660","Seattle-Tacoma-Bellevue, WA","53","Washington","033","King","47.597222","-122.319722"
"01/29/2019","AQS","530330030","5","8.7","ug/m3 LC","48","Seattle-10th & Weller","1","100.0000","88101","PM2.5 - Local Conditions","170","Met One BAM-1020 Mass Monitor w/VSCC","42660","Seattle-Tacoma-Bellevue, WA","53","Washington","033","King","47.597222","-122.319722"
"01/30/2019","AQS","530330030","5","17.2","ug/m3 LC","66","Seattle-10th & Weller","1","100.0000","88101","PM2.5 - Local Conditions","170","Met One BAM-1020 Mass Monitor w/VSCC","42660","Seattle-Tacoma-Bellevue, WA","53","Washington","033","King","47.597222","-122.319722"
"01/31/2019","AQS","530330030","5","15","ug/m3 LC","62","Seattle-10th & Weller","1","100.0000","88101","PM2.5 - Local Conditions","170","Met One BAM-1020 Mass Monitor w/VSCC","42660","Seattle-Tacoma-Bellevue, WA","53","Washington","033","King","47.597222","-122.319722"
"02/01/2019","AQS","530330030","5","9.5","ug/m3 LC","52","Seattle-10th & Weller","1","100.0000","88101","PM2.5 - Local Conditions","170","Met One BAM-1020 Mass Monitor w/VSCC","42660","Seattle-Tacoma-Bellevue, WA","53","Washington","033","King","47.597222","-122.319722"
"02/02/2019","AQS","530330030","5","5.5","ug/m3 LC","31","Seattle-10th & Weller","1","100.0000","88101","PM2.5 - Local Conditions","170","Met One BAM-1020 Mass Monitor w/VSCC","42660","Seattle-Tacoma-Bellevue, WA","53","Washington","033","King","47.597222","-122.319722"
"02/03/2019","AQS","530330030","5","4.8","ug/m3 LC","27","Seattle-10th & Weller","1","100.0000","88101","PM2.5 - Local Conditions","170","Met One BAM-1020 Mass Monitor w/VSCC","42660","Seattle-Tacoma-Bellevue, WA","53","Washington","033","King","47.597222","-122.319722"
"02/04/2019","AQS","530330030","5","5","ug/m3 LC","28","Seattle-10th & Weller","1","100.0000","88101","PM2.5 - Local Conditions","170","Met One BAM-1020 Mass Monitor w/VSCC","42660","Seattle-Tacoma-Bellevue, WA","53","Washington","033","King","47.597222","-122.319722"
"02/05/2019","AQS","530330030","5","11.1","ug/m3 LC","55","Seattle-10th & Weller","1","100.0000","88101","PM2.5 - Local Conditions","170","Met One BAM-1020 Mass Monitor w/VSCC","42660","Seattle-Tacoma-Bellevue, WA","53","Washington","033","King","47.597222","-122.319722"
"02/06/2019","AQS","530330030","5","13.6","ug/m3 LC","59","Seattle-10th & Weller","1","100.0000","88101","PM2.5 - Local Conditions","170","Met One BAM-1020 Mass Monitor w/VSCC","42660","Seattle-Tacoma-Bellevue, WA","53","Washington","033","King","47.597222","-122.319722"
"02/07/2019","AQS","530330030","5","9.5","ug/m3 LC","52","Seattle-10th & Weller","1","100.0000","88101","PM2.5 - Local Conditions","170","Met One BAM-1020 Mass Monitor w/VSCC","42660","Seattle-Tacoma-Bellevue, WA","53","Washington","033","King","47.597222","-122.319722"
"02/08/2019","AQS","530330030","5","13.8","ug/m3 LC","60","Seattle-10th & Weller","1","100.0000","88101","PM2.5 - Local Conditions","170","Met One BAM-1020 Mass Monitor w/VSCC","42660","Seattle-Tacoma-Bellevue, WA","53","Washington","033","King","47.597222","-122.319722"
"02/09/2019","AQS","530330030","5","5.7","ug/m3 LC","32","Seattle-10th & Weller","1","100.0000","88101","PM2.5 - Local Conditions","170","Met One BAM-1020 Mass Monitor w/VSCC","42660","Seattle-Tacoma-Bellevue, WA","53","Washington","033","King","47.597222","-122.319722"
"02/10/2019","AQS","530330030","5","7.5","ug/m3 LC","42","Seattle-10th & Weller","1","100.0000","88101","PM2.5 - Local Conditions","170","Met One BAM-1020 Mass Monitor w/VSCC","42660","Seattle-Tacoma-Bellevue, WA","53","Washington","033","King","47.597222","-122.319722"
"02/11/2019","AQS","530330030","5","5","ug/m3 LC","28","Seattle-10th & Weller","1","100.0000","88101","PM2.5 - Local Conditions","170","Met One BAM-1020 Mass Monitor w/VSCC","42660","Seattle-Tacoma-Bellevue, WA","53","Washington","033","King","47.597222","-122.319722"
"02/12/2019","AQS","530330030","5","5.7","ug/m3 LC","32","Seattle-10th & Weller","1","100.0000","88101","PM2.5 - Local Conditions","170","Met One BAM-1020 Mass Monitor w/VSCC","42660","Seattle-Tacoma-Bellevue, WA","53","Washington","033","King","47.597222","-122.319722"
"02/13/2019","AQS","530330030","5","7.6","ug/m3 LC","42","Seattle-10th & Weller","1","100.0000","88101","PM2.5 - Local Conditions","170","Met One BAM-1020 Mass Monitor w/VSCC","42660","Seattle-Tacoma-Bellevue, WA","53","Washington","033","King","47.597222","-122.319722"
"02/14/2019","AQS","530330030","5","9","ug/m3 LC","50","Seattle-10th & Weller","1","100.0000","88101","PM2.5 - Local Conditions","170","Met One BAM-1020 Mass Monitor w/VSCC","42660","Seattle-Tacoma-Bellevue, WA","53","Washington","033","King","47.597222","-122.319722"
"02/15/2019","AQS","530330030","5","7","ug/m3 LC","39","Seattle-10th & Weller","1","100.0000","88101","PM2.5 - Local Conditions","170","Met One BAM-1020 Mass Monitor w/VSCC","42660","Seattle-Tacoma-Bellevue, WA","53","Washington","033","King","47.597222","-122.319722"
"02/16/2019","AQS","530330030","5","8.7","ug/m3 LC","48","Seattle-10th & Weller","1","100.0000","88101","PM2.5 - Local Conditions","170","Met One BAM-1020 Mass Monitor w/VSCC","42660","Seattle-Tacoma-Bellevue, WA","53","Washington","033","King","47.597222","-122.319722"
"02/17/2019","AQS","530330030","5","11.1","ug/m3 LC","55","Seattle-10th & Weller","1","100.0000","88101","PM2.5 - Local Conditions","170","Met One BAM-1020 Mass Monitor w/VSCC","42660","Seattle-Tacoma-Bellevue, WA","53","Washington","033","King","47.597222","-122.319722"
"02/18/2019","AQS","530330030","5","12.5","ug/m3 LC","57","Seattle-10th & Weller","1","100.0000","88101","PM2.5 - Local Conditions","170","Met One BAM-1020 Mass Monitor w/VSCC","42660","Seattle-Tacoma-Bellevue, WA","53","Washington","033","King","47.597222","-122.319722"
"02/19/2019","AQS","530330030","5","7.5","ug/m3 LC","42","Seattle-10th & Weller","1","100.0000","88101","PM2.5 - Local Conditions","170","Met One BAM-1020 Mass Monitor w/VSCC","42660","Seattle-Tacoma-Bellevue, WA","53","Washington","033","King","47.597222","-122.319722"
"02/20/2019","AQS","530330030","5","5.2","ug/m3 LC","29","Seattle-10th & Weller","1","100.0000","88101","PM2.5 - Local Conditions","170","Met One BAM-1020 Mass Monitor w/VSCC","42660","Seattle-Tacoma-Bellevue, WA","53","Washington","033","King","47.597222","-122.319722"
"02/21/2019","AQS","530330030","5","9.5","ug/m3 LC","52","Seattle-10th & Weller","1","100.0000","88101","PM2.5 - Local Conditions","170","Met One BAM-1020 Mass Monitor w/VSCC","42660","Seattle-Tacoma-Bellevue, WA","53","Washington","033","King","47.597222","-122.319722"
"02/22/2019","AQS","530330030","5","6.4","ug/m3 LC","36","Seattle-10th & Weller","1","100.0000","88101","PM2.5 - Local Conditions","170","Met One BAM-1020 Mass Monitor w/VSCC","42660","Seattle-Tacoma-Bellevue, WA","53","Washington","033","King","47.597222","-122.319722"
"02/23/2019","AQS","530330030","5","5.4","ug/m3 LC","30","Seattle-10th & Weller","1","100.0000","88101","PM2.5 - Local Conditions","170","Met One BAM-1020 Mass Monitor w/VSCC","42660","Seattle-Tacoma-Bellevue, WA","53","Washington","033","King","47.597222","-122.319722"
"02/24/2019","AQS","530330030","5","4.4","ug/m3 LC","24","Seattle-10th & Weller","1","100.0000","88101","PM2.5 - Local Conditions","170","Met One BAM-1020 Mass Monitor w/VSCC","42660","Seattle-Tacoma-Bellevue, WA","53","Washington","033","King","47.597222","-122.319722"
"02/25/2019","AQS","530330030","5","3.9","ug/m3 LC","22","Seattle-10th & Weller","1","100.0000","88101","PM2.5 - Local Conditions","170","Met One BAM-1020 Mass Monitor w/VSCC","42660","Seattle-Tacoma-Bellevue, WA","53","Washington","033","King","47.597222","-122.319722"
"02/26/2019","AQS","530330030","5","4","ug/m3 LC","22","Seattle-10th & Weller","1","100.0000","88101","PM2.5 - Local Conditions","170","Met One BAM-1020 Mass Monitor w/VSCC","42660","Seattle-Tacoma-Bellevue, WA","53","Washington","033","King","47.597222","-122.319722"
"02/27/2019","AQS","530330030","5","6.2","ug/m3 LC","34","Seattle-10th & Weller","1","100.0000","88101","PM2.5 - Local Conditions","170","Met One BAM-1020 Mass Monitor w/VSCC","42660","Seattle-Tacoma-Bellevue, WA","53","Washington","033","King","47.597222","-122.319722"
"02/28/2019","AQS","530330030","5","7.9","ug/m3 LC","44","Seattle-10th & Weller","1","100.0000","88101","PM2.5 - Local Conditions","170","Met One BAM-1020 Mass Monitor w/VSCC","42660","Seattle-Tacoma-Bellevue, WA","53","Washington","033","King","47.597222","-122.319722"
"03/01/2019","AQS","530330030","5","7.1","ug/m3 LC","39","Seattle-10th & Weller","1","100.0000","88101","PM2.5 - Local Conditions","170","Met One BAM-1020 Mass Monitor w/VSCC","42660","Seattle-Tacoma-Bellevue, WA","53","Washington","033","King","47.597222","-122.319722"
"03/02/2019","AQS","530330030","5","7","ug/m3 LC","39","Seattle-10th & Weller","1","100.0000","88101","PM2.5 - Local Conditions","170","Met One BAM-1020 Mass Monitor w/VSCC","42660","Seattle-Tacoma-Bellevue, WA","53","Washington","033","King","47.597222","-122.319722"
"03/03/2019","AQS","530330030","5","2.6","ug/m3 LC","14","Seattle-10th & Weller","1","100.0000","88101","PM2.5 - Local Conditions","170","Met One BAM-1020 Mass Monitor w/VSCC","42660","Seattle-Tacoma-Bellevue, WA","53","Washington","033","King","47.597222","-122.319722"
"03/04/2019","AQS","530330030","5","2.5","ug/m3 LC","14","Seattle-10th & Weller","1","100.0000","88101","PM2.5 - Local Conditions","170","Met One BAM-1020 Mass Monitor w/VSCC","42660","Seattle-Tacoma-Bellevue, WA","53","Washington","033","King","47.597222","-122.319722"
"03/05/2019","AQS","530330030","5","4","ug/m3 LC","22","Seattle-10th & Weller","1","100.0000","88101","PM2.5 - Local Conditions","170","Met One BAM-1020 Mass Monitor w/VSCC","42660","Seattle-Tacoma-Bellevue, WA","53","Washington","033","King","47.597222","-122.319722"
"03/06/2019","AQS","530330030","5","7.6","ug/m3 LC","42","Seattle-10th & Weller","1","100.0000","88101","PM2.5 - Local Conditions","170","Met One BAM-1020 Mass Monitor w/VSCC","42660","Seattle-Tacoma-Bellevue, WA","53","Washington","033","King","47.597222","-122.319722"
"03/07/2019","AQS","530330030","5","6.9","ug/m3 LC","38","Seattle-10th & Weller","1","100.0000","88101","PM2.5 - Local Conditions","170","Met One BAM-1020 Mass Monitor w/VSCC","42660","Seattle-Tacoma-Bellevue, WA","53","Washington","033","King","47.597222","-122.319722"
"03/08/2019","AQS","530330030","5","9.3","ug/m3 LC","51","Seattle-10th & Weller","1","100.0000","88101","PM2.5 - Local Conditions","170","Met One BAM-1020 Mass Monitor w/VSCC","42660","Seattle-Tacoma-Bellevue, WA","53","Washington","033","King","47.597222","-122.319722"
"03/09/2019","AQS","530330030","5","10.7","ug/m3 LC","54","Seattle-10th & Weller","1","100.0000","88101","PM2.5 - Local Conditions","170","Met One BAM-1020 Mass Monitor w/VSCC","42660","Seattle-Tacoma-Bellevue, WA","53","Washington","033","King","47.597222","-122.319722"
"03/10/2019","AQS","530330030","5","10.5","ug/m3 LC","54","Seattle-10th & Weller","1","100.0000","88101","PM2.5 - Local Conditions","170","Met One BAM-1020 Mass Monitor w/VSCC","42660","Seattle-Tacoma-Bellevue, WA","53","Washington","033","King","47.597222","-122.319722"
"03/11/2019","AQS","530330030","5","8.3","ug/m3 LC","46","Seattle-10th & Weller","1","100.0000","88101","PM2.5 - Local Conditions","170","Met One BAM-1020 Mass Monitor w/VSCC","42660","Seattle-Tacoma-Bellevue, WA","53","Washington","033","King","47.597222","-122.319722"
"03/12/2019","AQS","530330030","5","5.8","ug/m3 LC","32","Seattle-10th & Weller","1","100.0000","88101","PM2.5 - Local Conditions","170","Met One BAM-1020 Mass Monitor w/VSCC","42660","Seattle-Tacoma-Bellevue, WA","53","Washington","033","King","47.597222","-122.319722"
"03/13/2019","AQS","530330030","5","9.4","ug/m3 LC","52","Seattle-10th & Weller","1","100.0000","88101","PM2.5 - Local Conditions","170","Met One BAM-1020 Mass Monitor w/VSCC","42660","Seattle-Tacoma-Bellevue, WA","53","Washington","033","King","47.597222","-122.319722"
"03/14/2019","AQS","530330030","5","7","ug/m3 LC","39","Seattle-10th & Weller","1","100.0000","88101","PM2.5 - Local Conditions","170","Met One BAM-1020 Mass Monitor w/VSCC","42660","Seattle-Tacoma-Bellevue, WA","53","Washington","033","King","47.597222","-122.319722"
"03/15/2019","AQS","530330030","5","9.8","ug/m3 LC","52","Seattle-10th & Weller","1","100.0000","88101","PM2.5 - Local Conditions","170","Met One BAM-1020 Mass Monitor w/VSCC","42660","Seattle-Tacoma-Bellevue, WA","53","Washington","033","King","47.597222","-122.319722"
"03/16/2019","AQS","530330030","5","12.1","ug/m3 LC","57","Seattle-10th & Weller","1","100.0000","88101","PM2.5 - Local Conditions","170","Met One BAM-1020 Mass Monitor w/VSCC","42660","Seattle-Tacoma-Bellevue, WA","53","Washington","033","King","47.597222","-122.319722"
"03/17/2019","AQS","530330030","5","9.7","ug/m3 LC","52","Seattle-10th & Weller","1","100.0000","88101","PM2.5 - Local Conditions","170","Met One BAM-1020 Mass Monitor w/VSCC","42660","Seattle-Tacoma-Bellevue, WA","53","Washington","033","King","47.597222","-122.319722"
"03/18/2019","AQS","530330030","5","6.2","ug/m3 LC","34","Seattle-10th & Weller","1","100.0000","88101","PM2.5 - Local Conditions","170","Met One BAM-1020 Mass Monitor w/VSCC","42660","Seattle-Tacoma-Bellevue, WA","53","Washington","033","King","47.597222","-122.319722"
"03/19/2019","AQS","530330030","5","7.6","ug/m3 LC","42","Seattle-10th & Weller","1","100.0000","88101","PM2.5 - Local Conditions","170","Met One BAM-1020 Mass Monitor w/VSCC","42660","Seattle-Tacoma-Bellevue, WA","53","Washington","033","King","47.597222","-122.319722"
"03/20/2019","AQS","530330030","5","6.9","ug/m3 LC","38","Seattle-10th & Weller","1","100.0000","88101","PM2.5 - Local Conditions","170","Met One BAM-1020 Mass Monitor w/VSCC","42660","Seattle-Tacoma-Bellevue, WA","53","Washington","033","King","47.597222","-122.319722"
"03/21/2019","AQS","530330030","5","8","ug/m3 LC","44","Seattle-10th & Weller","1","100.0000","88101","PM2.5 - Local Conditions","170","Met One BAM-1020 Mass Monitor w/VSCC","42660","Seattle-Tacoma-Bellevue, WA","53","Washington","033","King","47.597222","-122.319722"
"03/22/2019","AQS","530330030","5","8.1","ug/m3 LC","45","Seattle-10th & Weller","1","100.0000","88101","PM2.5 - Local Conditions","170","Met One BAM-1020 Mass Monitor w/VSCC","42660","Seattle-Tacoma-Bellevue, WA","53","Washington","033","King","47.597222","-122.319722"
"03/23/2019","AQS","530330030","5","8.7","ug/m3 LC","48","Seattle-10th & Weller","1","100.0000","88101","PM2.5 - Local Conditions","170","Met One BAM-1020 Mass Monitor w/VSCC","42660","Seattle-Tacoma-Bellevue, WA","53","Washington","033","King","47.597222","-122.319722"
"03/24/2019","AQS","530330030","5","9.2","ug/m3 LC","51","Seattle-10th & Weller","1","100.0000","88101","PM2.5 - Local Conditions","170","Met One BAM-1020 Mass Monitor w/VSCC","42660","Seattle-Tacoma-Bellevue, WA","53","Washington","033","King","47.597222","-122.319722"
"03/25/2019","AQS","530330030","5","8.5","ug/m3 LC","47","Seattle-10th & Weller","1","100.0000","88101","PM2.5 - Local Conditions","170","Met One BAM-1020 Mass Monitor w/VSCC","42660","Seattle-Tacoma-Bellevue, WA","53","Washington","033","King","47.597222","-122.319722"
"03/26/2019","AQS","530330030","5","5","ug/m3 LC","28","Seattle-10th & Weller","1","100.0000","88101","PM2.5 - Local Conditions","170","Met One BAM-1020 Mass Monitor w/VSCC","42660","Seattle-Tacoma-Bellevue, WA","53","Washington","033","King","47.597222","-122.319722"
"03/27/2019","AQS","530330030","5","4.2","ug/m3 LC","23","Seattle-10th & Weller","1","100.0000","88101","PM2.5 - Local Conditions","170","Met One BAM-1020 Mass Monitor w/VSCC","42660","Seattle-Tacoma-Bellevue, WA","53","Washington","033","King","47.597222","-122.319722"
"03/28/2019","AQS","530330030","5","6.9","ug/m3 LC","38","Seattle-10th & Weller","1","100.0000","88101","PM2.5 - Local Conditions","170","Met One BAM-1020 Mass Monitor w/VSCC","42660","Seattle-Tacoma-Bellevue, WA","53","Washington","033","King","47.597222","-122.319722"
"03/29/2019","AQS","530330030","5","9.9","ug/m3 LC","52","Seattle-10th & Weller","1","100.0000","88101","PM2.5 - Local Conditions","170","Met One BAM-1020 Mass Monitor w/VSCC","42660","Seattle-Tacoma-Bellevue, WA","53","Washington","033","King","47.597222","-122.319722"
"03/30/2019","AQS","530330030","5","7.2","ug/m3 LC","40","Seattle-10th & Weller","1","100.0000","88101","PM2.5 - Local Conditions","170","Met One BAM-1020 Mass Monitor w/VSCC","42660","Seattle-Tacoma-Bellevue, WA","53","Washington","033","King","47.597222","-122.319722"
"03/31/2019","AQS","530330030","5","11.2","ug/m3 LC","55","Seattle-10th & Weller","1","100.0000","88101","PM2.5 - Local Conditions","170","Met One BAM-1020 Mass Monitor w/VSCC","42660","Seattle-Tacoma-Bellevue, WA","53","Washington","033","King","47.597222","-122.319722"
"04/01/2019","AQS","530330030","5","9.6","ug/m3 LC","52","Seattle-10th & Weller","1","100.0000","88101","PM2.5 - Local Conditions","170","Met One BAM-1020 Mass Monitor w/VSCC","42660","Seattle-Tacoma-Bellevue, WA","53","Washington","033","King","47.597222","-122.319722"
"04/02/2019","AQS","530330030","5","7.7","ug/m3 LC","43","Seattle-10th & Weller","1","100.0000","88101","PM2.5 - Local Conditions","170","Met One BAM-1020 Mass Monitor w/VSCC","42660","Seattle-Tacoma-Bellevue, WA","53","Washington","033","King","47.597222","-122.319722"
"04/03/2019","AQS","530330030","5","7.4","ug/m3 LC","41","Seattle-10th & Weller","1","100.0000","88101","PM2.5 - Local Conditions","170","Met One BAM-1020 Mass Monitor w/VSCC","42660","Seattle-Tacoma-Bellevue, WA","53","Washington","033","King","47.597222","-122.319722"
"04/04/2019","AQS","530330030","5","8.7","ug/m3 LC","48","Seattle-10th & Weller","1","100.0000","88101","PM2.5 - Local Conditions","170","Met One BAM-1020 Mass Monitor w/VSCC","42660","Seattle-Tacoma-Bellevue, WA","53","Washington","033","King","47.597222","-122.319722"
"04/05/2019","AQS","530330030","5","5.7","ug/m3 LC","32","Seattle-10th & Weller","1","100.0000","88101","PM2.5 - Local Conditions","170","Met One BAM-1020 Mass Monitor w/VSCC","42660","Seattle-Tacoma-Bellevue, WA","53","Washington","033","King","47.597222","-122.319722"
"04/06/2019","AQS","530330030","5","5.6","ug/m3 LC","31","Seattle-10th & Weller","1","100.0000","88101","PM2.5 - Local Conditions","170","Met One BAM-1020 Mass Monitor w/VSCC","42660","Seattle-Tacoma-Bellevue, WA","53","Washington","033","King","47.597222","-122.319722"
"04/07/2019","AQS","530330030","5","4.8","ug/m3 LC","27","Seattle-10th & Weller","1","100.0000","88101","PM2.5 - Local Conditions","170","Met One BAM-1020 Mass Monitor w/VSCC","42660","Seattle-Tacoma-Bellevue, WA","53","Washington","033","King","47.597222","-122.319722"
"04/13/2019","AQS","530330030","5","4","ug/m3 LC","22","Seattle-10th & Weller","1","100.0000","88101","PM2.5 - Local Conditions","170","Met One BAM-1020 Mass Monitor w/VSCC","42660","Seattle-Tacoma-Bellevue, WA","53","Washington","033","King","47.597222","-122.319722"
"04/14/2019","AQS","530330030","5","3.8","ug/m3 LC","21","Seattle-10th & Weller","1","100.0000","88101","PM2.5 - Local Conditions","170","Met One BAM-1020 Mass Monitor w/VSCC","42660","Seattle-Tacoma-Bellevue, WA","53","Washington","033","King","47.597222","-122.319722"
"04/15/2019","AQS","530330030","5","2.7","ug/m3 LC","15","Seattle-10th & Weller","1","100.0000","88101","PM2.5 - Local Conditions","170","Met One BAM-1020 Mass Monitor w/VSCC","42660","Seattle-Tacoma-Bellevue, WA","53","Washington","033","King","47.597222","-122.319722"
"04/16/2019","AQS","530330030","5","6","ug/m3 LC","33","Seattle-10th & Weller","1","100.0000","88101","PM2.5 - Local Conditions","170","Met One BAM-1020 Mass Monitor w/VSCC","42660","Seattle-Tacoma-Bellevue, WA","53","Washington","033","King","47.597222","-122.319722"
"04/17/2019","AQS","530330030","5","2.9","ug/m3 LC","16","Seattle-10th & Weller","1","100.0000","88101","PM2.5 - Local Conditions","170","Met One BAM-1020 Mass Monitor w/VSCC","42660","Seattle-Tacoma-Bellevue, WA","53","Washington","033","King","47.597222","-122.319722"
"04/18/2019","AQS","530330030","5","3.9","ug/m3 LC","22","Seattle-10th & Weller","1","100.0000","88101","PM2.5 - Local Conditions","170","Met One BAM-1020 Mass Monitor w/VSCC","42660","Seattle-Tacoma-Bellevue, WA","53","Washington","033","King","47.597222","-122.319722"
"04/19/2019","AQS","530330030","5","3.7","ug/m3 LC","21","Seattle-10th & Weller","1","100.0000","88101","PM2.5 - Local Conditions","170","Met One BAM-1020 Mass Monitor w/VSCC","42660","Seattle-Tacoma-Bellevue, WA","53","Washington","033","King","47.597222","-122.319722"
"04/20/2019","AQS","530330030","5","5.7","ug/m3 LC","32","Seattle-10th & Weller","1","100.0000","88101","PM2.5 - Local Conditions","170","Met One BAM-1020 Mass Monitor w/VSCC","42660","Seattle-Tacoma-Bellevue, WA","53","Washington","033","King","47.597222","-122.319722"
"04/21/2019","AQS","530330030","5","7.2","ug/m3 LC","40","Seattle-10th & Weller","1","100.0000","88101","PM2.5 - Local Conditions","170","Met One BAM-1020 Mass Monitor w/VSCC","42660","Seattle-Tacoma-Bellevue, WA","53","Washington","033","King","47.597222","-122.319722"
"04/22/2019","AQS","530330030","5","6.7","ug/m3 LC","37","Seattle-10th & Weller","1","100.0000","88101","PM2.5 - Local Conditions","170","Met One BAM-1020 Mass Monitor w/VSCC","42660","Seattle-Tacoma-Bellevue, WA","53","Washington","033","King","47.597222","-122.319722"
"04/23/2019","AQS","530330030","5","5.4","ug/m3 LC","30","Seattle-10th & Weller","1","100.0000","88101","PM2.5 - Local Conditions","170","Met One BAM-1020 Mass Monitor w/VSCC","42660","Seattle-Tacoma-Bellevue, WA","53","Washington","033","King","47.597222","-122.319722"
"04/24/2019","AQS","530330030","5","6.6","ug/m3 LC","37","Seattle-10th & Weller","1","100.0000","88101","PM2.5 - Local Conditions","170","Met One BAM-1020 Mass Monitor w/VSCC","42660","Seattle-Tacoma-Bellevue, WA","53","Washington","033","King","47.597222","-122.319722"
"04/25/2019","AQS","530330030","5","6.4","ug/m3 LC","36","Seattle-10th & Weller","1","100.0000","88101","PM2.5 - Local Conditions","170","Met One BAM-1020 Mass Monitor w/VSCC","42660","Seattle-Tacoma-Bellevue, WA","53","Washington","033","King","47.597222","-122.319722"
"04/26/2019","AQS","530330030","5","8.2","ug/m3 LC","46","Seattle-10th & Weller","1","100.0000","88101","PM2.5 - Local Conditions","170","Met One BAM-1020 Mass Monitor w/VSCC","42660","Seattle-Tacoma-Bellevue, WA","53","Washington","033","King","47.597222","-122.319722"
"04/27/2019","AQS","530330030","5","3.5","ug/m3 LC","19","Seattle-10th & Weller","1","100.0000","88101","PM2.5 - Local Conditions","170","Met One BAM-1020 Mass Monitor w/VSCC","42660","Seattle-Tacoma-Bellevue, WA","53","Washington","033","King","47.597222","-122.319722"
"04/28/2019","AQS","530330030","5","3.7","ug/m3 LC","21","Seattle-10th & Weller","1","100.0000","88101","PM2.5 - Local Conditions","170","Met One BAM-1020 Mass Monitor w/VSCC","42660","Seattle-Tacoma-Bellevue, WA","53","Washington","033","King","47.597222","-122.319722"
"04/29/2019","AQS","530330030","5","2.2","ug/m3 LC","12","Seattle-10th & Weller","1","100.0000","88101","PM2.5 - Local Conditions","170","Met One BAM-1020 Mass Monitor w/VSCC","42660","Seattle-Tacoma-Bellevue, WA","53","Washington","033","King","47.597222","-122.319722"
"04/30/2019","AQS","530330030","5","4.6","ug/m3 LC","26","Seattle-10th & Weller","1","100.0000","88101","PM2.5 - Local Conditions","170","Met One BAM-1020 Mass Monitor w/VSCC","42660","Seattle-Tacoma-Bellevue, WA","53","Washington","033","King","47.597222","-122.319722"
"05/01/2019","AQS","530330030","5","6.9","ug/m3 LC","38","Seattle-10th & Weller","1","100.0000","88101","PM2.5 - Local Conditions","170","Met One BAM-1020 Mass Monitor w/VSCC","42660","Seattle-Tacoma-Bellevue, WA","53","Washington","033","King","47.597222","-122.319722"
"05/02/2019","AQS","530330030","5","6.7","ug/m3 LC","37","Seattle-10th & Weller","1","100.0000","88101","PM2.5 - Local Conditions","170","Met One BAM-1020 Mass Monitor w/VSCC","42660","Seattle-Tacoma-Bellevue, WA","53","Washington","033","King","47.597222","-122.319722"
"05/03/2019","AQS","530330030","5","8.6","ug/m3 LC","48","Seattle-10th & Weller","1","100.0000","88101","PM2.5 - Local Conditions","170","Met One BAM-1020 Mass Monitor w/VSCC","42660","Seattle-Tacoma-Bellevue, WA","53","Washington","033","King","47.597222","-122.319722"
"05/04/2019","AQS","530330030","5","6.2","ug/m3 LC","34","Seattle-10th & Weller","1","100.0000","88101","PM2.5 - Local Conditions","170","Met One BAM-1020 Mass Monitor w/VSCC","42660","Seattle-Tacoma-Bellevue, WA","53","Washington","033","King","47.597222","-122.319722"
"05/05/2019","AQS","530330030","5","6.3","ug/m3 LC","35","Seattle-10th & Weller","1","100.0000","88101","PM2.5 - Local Conditions","170","Met One BAM-1020 Mass Monitor w/VSCC","42660","Seattle-Tacoma-Bellevue, WA","53","Washington","033","King","47.597222","-122.319722"
"05/06/2019","AQS","530330030","5","7.8","ug/m3 LC","43","Seattle-10th & Weller","1","100.0000","88101","PM2.5 - Local Conditions","170","Met One BAM-1020 Mass Monitor w/VSCC","42660","Seattle-Tacoma-Bellevue, WA","53","Washington","033","King","47.597222","-122.319722"
"05/07/2019","AQS","530330030","5","7.2","ug/m3 LC","40","Seattle-10th & Weller","1","100.0000","88101","PM2.5 - Local Conditions","170","Met One BAM-1020 Mass Monitor w/VSCC","42660","Seattle-Tacoma-Bellevue, WA","53","Washington","033","King","47.597222","-122.319722"
"05/08/2019","AQS","530330030","5","10.7","ug/m3 LC","54","Seattle-10th & Weller","1","100.0000","88101","PM2.5 - Local Conditions","170","Met One BAM-1020 Mass Monitor w/VSCC","42660","Seattle-Tacoma-Bellevue, WA","53","Washington","033","King","47.597222","-122.319722"
"05/09/2019","AQS","530330030","5","7.2","ug/m3 LC","40","Seattle-10th & Weller","1","100.0000","88101","PM2.5 - Local Conditions","170","Met One BAM-1020 Mass Monitor w/VSCC","42660","Seattle-Tacoma-Bellevue, WA","53","Washington","033","King","47.597222","-122.319722"
"05/10/2019","AQS","530330030","5","11.6","ug/m3 LC","56","Seattle-10th & Weller","1","100.0000","88101","PM2.5 - Local Conditions","170","Met One BAM-1020 Mass Monitor w/VSCC","42660","Seattle-Tacoma-Bellevue, WA","53","Washington","033","King","47.597222","-122.319722"
"05/11/2019","AQS","530330030","5","13.5","ug/m3 LC","59","Seattle-10th & Weller","1","100.0000","88101","PM2.5 - Local Conditions","170","Met One BAM-1020 Mass Monitor w/VSCC","42660","Seattle-Tacoma-Bellevue, WA","53","Washington","033","King","47.597222","-122.319722"
"05/12/2019","AQS","530330030","5","6.6","ug/m3 LC","37","Seattle-10th & Weller","1","100.0000","88101","PM2.5 - Local Conditions","170","Met One BAM-1020 Mass Monitor w/VSCC","42660","Seattle-Tacoma-Bellevue, WA","53","Washington","033","King","47.597222","-122.319722"
"05/13/2019","AQS","530330030","5","8.7","ug/m3 LC","48","Seattle-10th & Weller","1","100.0000","88101","PM2.5 - Local Conditions","170","Met One BAM-1020 Mass Monitor w/VSCC","42660","Seattle-Tacoma-Bellevue, WA","53","Washington","033","King","47.597222","-122.319722"
"05/14/2019","AQS","530330030","5","6.1","ug/m3 LC","34","Seattle-10th & Weller","1","100.0000","88101","PM2.5 - Local Conditions","170","Met One BAM-1020 Mass Monitor w/VSCC","42660","Seattle-Tacoma-Bellevue, WA","53","Washington","033","King","47.597222","-122.319722"
"05/15/2019","AQS","530330030","5","5.4","ug/m3 LC","30","Seattle-10th & Weller","1","100.0000","88101","PM2.5 - Local Conditions","170","Met One BAM-1020 Mass Monitor w/VSCC","42660","Seattle-Tacoma-Bellevue, WA","53","Washington","033","King","47.597222","-122.319722"
"05/16/2019","AQS","530330030","5","9.5","ug/m3 LC","52","Seattle-10th & Weller","1","100.0000","88101","PM2.5 - Local Conditions","170","Met One BAM-1020 Mass Monitor w/VSCC","42660","Seattle-Tacoma-Bellevue, WA","53","Washington","033","King","47.597222","-122.319722"
"05/17/2019","AQS","530330030","5","4.2","ug/m3 LC","23","Seattle-10th & Weller","1","100.0000","88101","PM2.5 - Local Conditions","170","Met One BAM-1020 Mass Monitor w/VSCC","42660","Seattle-Tacoma-Bellevue, WA","53","Washington","033","King","47.597222","-122.319722"
"05/18/2019","AQS","530330030","5","5.1","ug/m3 LC","28","Seattle-10th & Weller","1","100.0000","88101","PM2.5 - Local Conditions","170","Met One BAM-1020 Mass Monitor w/VSCC","42660","Seattle-Tacoma-Bellevue, WA","53","Washington","033","King","47.597222","-122.319722"
"05/19/2019","AQS","530330030","5","5.6","ug/m3 LC","31","Seattle-10th & Weller","1","100.0000","88101","PM2.5 - Local Conditions","170","Met One BAM-1020 Mass Monitor w/VSCC","42660","Seattle-Tacoma-Bellevue, WA","53","Washington","033","King","47.597222","-122.319722"
"05/20/2019","AQS","530330030","5","4","ug/m3 LC","22","Seattle-10th & Weller","1","100.0000","88101","PM2.5 - Local Conditions","170","Met One BAM-1020 Mass Monitor w/VSCC","42660","Seattle-Tacoma-Bellevue, WA","53","Washington","033","King","47.597222","-122.319722"
"05/21/2019","AQS","530330030","5","5.2","ug/m3 LC","29","Seattle-10th & Weller","1","100.0000","88101","PM2.5 - Local Conditions","170","Met One BAM-1020 Mass Monitor w/VSCC","42660","Seattle-Tacoma-Bellevue, WA","53","Washington","033","King","47.597222","-122.319722"
"05/22/2019","AQS","530330030","5","11.1","ug/m3 LC","55","Seattle-10th & Weller","1","100.0000","88101","PM2.5 - Local Conditions","170","Met One BAM-1020 Mass Monitor w/VSCC","42660","Seattle-Tacoma-Bellevue, WA","53","Washington","033","King","47.597222","-122.319722"
"05/23/2019","AQS","530330030","5","12.8","ug/m3 LC","58","Seattle-10th & Weller","1","100.0000","88101","PM2.5 - Local Conditions","170","Met One BAM-1020 Mass Monitor w/VSCC","42660","Seattle-Tacoma-Bellevue, WA","53","Washington","033","King","47.597222","-122.319722"
"05/24/2019","AQS","530330030","5","6.7","ug/m3 LC","37","Seattle-10th & Weller","1","100.0000","88101","PM2.5 - Local Conditions","170","Met One BAM-1020 Mass Monitor w/VSCC","42660","Seattle-Tacoma-Bellevue, WA","53","Washington","033","King","47.597222","-122.319722"
"05/25/2019","AQS","530330030","5","4.4","ug/m3 LC","24","Seattle-10th & Weller","1","100.0000","88101","PM2.5 - Local Conditions","170","Met One BAM-1020 Mass Monitor w/VSCC","42660","Seattle-Tacoma-Bellevue, WA","53","Washington","033","King","47.597222","-122.319722"
"05/26/2019","AQS","530330030","5","8.5","ug/m3 LC","47","Seattle-10th & Weller","1","100.0000","88101","PM2.5 - Local Conditions","170","Met One BAM-1020 Mass Monitor w/VSCC","42660","Seattle-Tacoma-Bellevue, WA","53","Washington","033","King","47.597222","-122.319722"
"05/27/2019","AQS","530330030","5","11","ug/m3 LC","55","Seattle-10th & Weller","1","100.0000","88101","PM2.5 - Local Conditions","170","Met One BAM-1020 Mass Monitor w/VSCC","42660","Seattle-Tacoma-Bellevue, WA","53","Washington","033","King","47.597222","-122.319722"
"05/28/2019","AQS","530330030","5","11.1","ug/m3 LC","55","Seattle-10th & Weller","1","100.0000","88101","PM2.5 - Local Conditions","170","Met One BAM-1020 Mass Monitor w/VSCC","42660","Seattle-Tacoma-Bellevue, WA","53","Washington","033","King","47.597222","-122.319722"
"05/29/2019","AQS","530330030","5","9.8","ug/m3 LC","52","Seattle-10th & Weller","1","100.0000","88101","PM2.5 - Local Conditions","170","Met One BAM-1020 Mass Monitor w/VSCC","42660","Seattle-Tacoma-Bellevue, WA","53","Washington","033","King","47.597222","-122.319722"
"05/30/2019","AQS","530330030","5","12.6","ug/m3 LC","58","Seattle-10th & Weller","1","100.0000","88101","PM2.5 - Local Conditions","170","Met One BAM-1020 Mass Monitor w/VSCC","42660","Seattle-Tacoma-Bellevue, WA","53","Washington","033","King","47.597222","-122.319722"
"05/31/2019","AQS","530330030","5","13.5","ug/m3 LC","59","Seattle-10th & Weller","1","100.0000","88101","PM2.5 - Local Conditions","170","Met One BAM-1020 Mass Monitor w/VSCC","42660","Seattle-Tacoma-Bellevue, WA","53","Washington","033","King","47.597222","-122.319722"
"06/01/2019","AQS","530330030","5","9.9","ug/m3 LC","52","Seattle-10th & Weller","1","100.0000","88101","PM2.5 - Local Conditions","170","Met One BAM-1020 Mass Monitor w/VSCC","42660","Seattle-Tacoma-Bellevue, WA","53","Washington","033","King","47.597222","-122.319722"
"06/02/2019","AQS","530330030","5","7.9","ug/m3 LC","44","Seattle-10th & Weller","1","100.0000","88101","PM2.5 - Local Conditions","170","Met One BAM-1020 Mass Monitor w/VSCC","42660","Seattle-Tacoma-Bellevue, WA","53","Washington","033","King","47.597222","-122.319722"
"06/03/2019","AQS","530330030","5","7.3","ug/m3 LC","41","Seattle-10th & Weller","1","100.0000","88101","PM2.5 - Local Conditions","170","Met One BAM-1020 Mass Monitor w/VSCC","42660","Seattle-Tacoma-Bellevue, WA","53","Washington","033","King","47.597222","-122.319722"
"06/04/2019","AQS","530330030","5","6.8","ug/m3 LC","38","Seattle-10th & Weller","1","100.0000","88101","PM2.5 - Local Conditions","170","Met One BAM-1020 Mass Monitor w/VSCC","42660","Seattle-Tacoma-Bellevue, WA","53","Washington","033","King","47.597222","-122.319722"
"06/05/2019","AQS","530330030","5","4.3","ug/m3 LC","24","Seattle-10th & Weller","1","100.0000","88101","PM2.5 - Local Conditions","170","Met One BAM-1020 Mass Monitor w/VSCC","42660","Seattle-Tacoma-Bellevue, WA","53","Washington","033","King","47.597222","-122.319722"
"06/06/2019","AQS","530330030","5","4.5","ug/m3 LC","25","Seattle-10th & Weller","1","100.0000","88101","PM2.5 - Local Conditions","170","Met One BAM-1020 Mass Monitor w/VSCC","42660","Seattle-Tacoma-Bellevue, WA","53","Washington","033","King","47.597222","-122.319722"
"06/07/2019","AQS","530330030","5","3.5","ug/m3 LC","19","Seattle-10th & Weller","1","100.0000","88101","PM2.5 - Local Conditions","170","Met One BAM-1020 Mass Monitor w/VSCC","42660","Seattle-Tacoma-Bellevue, WA","53","Washington","033","King","47.597222","-122.319722"
"06/08/2019","AQS","530330030","5","2.9","ug/m3 LC","16","Seattle-10th & Weller","1","100.0000","88101","PM2.5 - Local Conditions","170","Met One BAM-1020 Mass Monitor w/VSCC","42660","Seattle-Tacoma-Bellevue, WA","53","Washington","033","King","47.597222","-122.319722"
"06/09/2019","AQS","530330030","5","2.2","ug/m3 LC","12","Seattle-10th & Weller","1","100.0000","88101","PM2.5 - Local Conditions","170","Met One BAM-1020 Mass Monitor w/VSCC","42660","Seattle-Tacoma-Bellevue, WA","53","Washington","033","King","47.597222","-122.319722"
"06/10/2019","AQS","530330030","5","4.1","ug/m3 LC","23","Seattle-10th & Weller","1","100.0000","88101","PM2.5 - Local Conditions","170","Met One BAM-1020 Mass Monitor w/VSCC","42660","Seattle-Tacoma-Bellevue, WA","53","Washington","033","King","47.597222","-122.319722"
"06/11/2019","AQS","530330030","5","6","ug/m3 LC","33","Seattle-10th & Weller","1","100.0000","88101","PM2.5 - Local Conditions","170","Met One BAM-1020 Mass Monitor w/VSCC","42660","Seattle-Tacoma-Bellevue, WA","53","Washington","033","King","47.597222","-122.319722"
"06/12/2019","AQS","530330030","5","11.3","ug/m3 LC","55","Seattle-10th & Weller","1","100.0000","88101","PM2.5 - Local Conditions","170","Met One BAM-1020 Mass Monitor w/VSCC","42660","Seattle-Tacoma-Bellevue, WA","53","Washington","033","King","47.597222","-122.319722"
"06/13/2019","AQS","530330030","5","10","ug/m3 LC","53","Seattle-10th & Weller","1","100.0000","88101","PM2.5 - Local Conditions","170","Met One BAM-1020 Mass Monitor w/VSCC","42660","Seattle-Tacoma-Bellevue, WA","53","Washington","033","King","47.597222","-122.319722"
"06/14/2019","AQS","530330030","5","5.7","ug/m3 LC","32","Seattle-10th & Weller","1","100.0000","88101","PM2.5 - Local Conditions","170","Met One BAM-1020 Mass Monitor w/VSCC","42660","Seattle-Tacoma-Bellevue, WA","53","Washington","033","King","47.597222","-122.319722"
"06/15/2019","AQS","530330030","5","8.7","ug/m3 LC","48","Seattle-10th & Weller","1","100.0000","88101","PM2.5 - Local Conditions","170","Met One BAM-1020 Mass Monitor w/VSCC","42660","Seattle-Tacoma-Bellevue, WA","53","Washington","033","King","47.597222","-122.319722"
"06/16/2019","AQS","530330030","5","6.8","ug/m3 LC","38","Seattle-10th & Weller","1","100.0000","88101","PM2.5 - Local Conditions","170","Met One BAM-1020 Mass Monitor w/VSCC","42660","Seattle-Tacoma-Bellevue, WA","53","Washington","033","King","47.597222","-122.319722"
"06/17/2019","AQS","530330030","5","6.4","ug/m3 LC","36","Seattle-10th & Weller","1","100.0000","88101","PM2.5 - Local Conditions","170","Met One BAM-1020 Mass Monitor w/VSCC","42660","Seattle-Tacoma-Bellevue, WA","53","Washington","033","King","47.597222","-122.319722"
"06/18/2019","AQS","530330030","5","3.6","ug/m3 LC","20","Seattle-10th & Weller","1","100.0000","88101","PM2.5 - Local Conditions","170","Met One BAM-1020 Mass Monitor w/VSCC","42660","Seattle-Tacoma-Bellevue, WA","53","Washington","033","King","47.597222","-122.319722"
"06/19/2019","AQS","530330030","5","5","ug/m3 LC","28","Seattle-10th & Weller","1","100.0000","88101","PM2.5 - Local Conditions","170","Met One BAM-1020 Mass Monitor w/VSCC","42660","Seattle-Tacoma-Bellevue, WA","53","Washington","033","King","47.597222","-122.319722"
"06/20/2019","AQS","530330030","5","3.8","ug/m3 LC","21","Seattle-10th & Weller","1","100.0000","88101","PM2.5 - Local Conditions","170","Met One BAM-1020 Mass Monitor w/VSCC","42660","Seattle-Tacoma-Bellevue, WA","53","Washington","033","King","47.597222","-122.319722"
"06/22/2019","AQS","530330030","5","4.8","ug/m3 LC","27","Seattle-10th & Weller","1","100.0000","88101","PM2.5 - Local Conditions","170","Met One BAM-1020 Mass Monitor w/VSCC","42660","Seattle-Tacoma-Bellevue, WA","53","Washington","033","King","47.597222","-122.319722"
"06/23/2019","AQS","530330030","5","4.2","ug/m3 LC","23","Seattle-10th & Weller","1","100.0000","88101","PM2.5 - Local Conditions","170","Met One BAM-1020 Mass Monitor w/VSCC","42660","Seattle-Tacoma-Bellevue, WA","53","Washington","033","King","47.597222","-122.319722"
"06/24/2019","AQS","530330030","5","4.3","ug/m3 LC","24","Seattle-10th & Weller","1","100.0000","88101","PM2.5 - Local Conditions","170","Met One BAM-1020 Mass Monitor w/VSCC","42660","Seattle-Tacoma-Bellevue, WA","53","Washington","033","King","47.597222","-122.319722"
"06/25/2019","AQS","530330030","5","6","ug/m3 LC","33","Seattle-10th & Weller","1","100.0000","88101","PM2.5 - Local Conditions","170","Met One BAM-1020 Mass Monitor w/VSCC","42660","Seattle-Tacoma-Bellevue, WA","53","Washington","033","King","47.597222","-122.319722"
"06/26/2019","AQS","530330030","5","4.9","ug/m3 LC","27","Seattle-10th & Weller","1","100.0000","88101","PM2.5 - Local Conditions","170","Met One BAM-1020 Mass Monitor w/VSCC","42660","Seattle-Tacoma-Bellevue, WA","53","Washington","033","King","47.597222","-122.319722"
"06/27/2019","AQS","530330030","5","3.8","ug/m3 LC","21","Seattle-10th & Weller","1","100.0000","88101","PM2.5 - Local Conditions","170","Met One BAM-1020 Mass Monitor w/VSCC","42660","Seattle-Tacoma-Bellevue, WA","53","Washington","033","King","47.597222","-122.319722"
"06/28/2019","AQS","530330030","5","4.2","ug/m3 LC","23","Seattle-10th & Weller","1","100.0000","88101","PM2.5 - Local Conditions","170","Met One BAM-1020 Mass Monitor w/VSCC","42660","Seattle-Tacoma-Bellevue, WA","53","Washington","033","King","47.597222","-122.319722"
"06/29/2019","AQS","530330030","5","5.2","ug/m3 LC","29","Seattle-10th & Weller","1","100.0000","88101","PM2.5 - Local Conditions","170","Met One BAM-1020 Mass Monitor w/VSCC","42660","Seattle-Tacoma-Bellevue, WA","53","Washington","033","King","47.597222","-122.319722"
"06/30/2019","AQS","530330030","5","5.6","ug/m3 LC","31","Seattle-10th & Weller","1","100.0000","88101","PM2.5 - Local Conditions","170","Met One BAM-1020 Mass Monitor w/VSCC","42660","Seattle-Tacoma-Bellevue, WA","53","Washington","033","King","47.597222","-122.319722"
"07/01/2019","AQS","530330030","5","7","ug/m3 LC","39","Seattle-10th & Weller","1","100.0000","88101","PM2.5 - Local Conditions","170","Met One BAM-1020 Mass Monitor w/VSCC","42660","Seattle-Tacoma-Bellevue, WA","53","Washington","033","King","47.597222","-122.319722"
"07/02/2019","AQS","530330030","5","4.7","ug/m3 LC","26","Seattle-10th & Weller","1","100.0000","88101","PM2.5 - Local Conditions","170","Met One BAM-1020 Mass Monitor w/VSCC","42660","Seattle-Tacoma-Bellevue, WA","53","Washington","033","King","47.597222","-122.319722"
"07/03/2019","AQS","530330030","5","7.5","ug/m3 LC","42","Seattle-10th & Weller","1","100.0000","88101","PM2.5 - Local Conditions","170","Met One BAM-1020 Mass Monitor w/VSCC","42660","Seattle-Tacoma-Bellevue, WA","53","Washington","033","King","47.597222","-122.319722"
"07/04/2019","AQS","530330030","5","7.5","ug/m3 LC","42","Seattle-10th & Weller","1","100.0000","88101","PM2.5 - Local Conditions","170","Met One BAM-1020 Mass Monitor w/VSCC","42660","Seattle-Tacoma-Bellevue, WA","53","Washington","033","King","47.597222","-122.319722"
"07/05/2019","AQS","530330030","5","7.6","ug/m3 LC","42","Seattle-10th & Weller","1","100.0000","88101","PM2.5 - Local Conditions","170","Met One BAM-1020 Mass Monitor w/VSCC","42660","Seattle-Tacoma-Bellevue, WA","53","Washington","033","King","47.597222","-122.319722"
"07/06/2019","AQS","530330030","5","3.8","ug/m3 LC","21","Seattle-10th & Weller","1","100.0000","88101","PM2.5 - Local Conditions","170","Met One BAM-1020 Mass Monitor w/VSCC","42660","Seattle-Tacoma-Bellevue, WA","53","Washington","033","King","47.597222","-122.319722"
"07/07/2019","AQS","530330030","5","3.8","ug/m3 LC","21","Seattle-10th & Weller","1","100.0000","88101","PM2.5 - Local Conditions","170","Met One BAM-1020 Mass Monitor w/VSCC","42660","Seattle-Tacoma-Bellevue, WA","53","Washington","033","King","47.597222","-122.319722"
"07/08/2019","AQS","530330030","5","7.2","ug/m3 LC","40","Seattle-10th & Weller","1","100.0000","88101","PM2.5 - Local Conditions","170","Met One BAM-1020 Mass Monitor w/VSCC","42660","Seattle-Tacoma-Bellevue, WA","53","Washington","033","King","47.597222","-122.319722"
"07/09/2019","AQS","530330030","5","9.5","ug/m3 LC","52","Seattle-10th & Weller","1","100.0000","88101","PM2.5 - Local Conditions","170","Met One BAM-1020 Mass Monitor w/VSCC","42660","Seattle-Tacoma-Bellevue, WA","53","Washington","033","King","47.597222","-122.319722"
"07/10/2019","AQS","530330030","5","5","ug/m3 LC","28","Seattle-10th & Weller","1","100.0000","88101","PM2.5 - Local Conditions","170","Met One BAM-1020 Mass Monitor w/VSCC","42660","Seattle-Tacoma-Bellevue, WA","53","Washington","033","King","47.597222","-122.319722"
"07/11/2019","AQS","530330030","5","5.6","ug/m3 LC","31","Seattle-10th & Weller","1","100.0000","88101","PM2.5 - Local Conditions","170","Met One BAM-1020 Mass Monitor w/VSCC","42660","Seattle-Tacoma-Bellevue, WA","53","Washington","033","King","47.597222","-122.319722"
"07/12/2019","AQS","530330030","5","6.9","ug/m3 LC","38","Seattle-10th & Weller","1","100.0000","88101","PM2.5 - Local Conditions","170","Met One BAM-1020 Mass Monitor w/VSCC","42660","Seattle-Tacoma-Bellevue, WA","53","Washington","033","King","47.597222","-122.319722"
"07/13/2019","AQS","530330030","5","4.6","ug/m3 LC","26","Seattle-10th & Weller","1","100.0000","88101","PM2.5 - Local Conditions","170","Met One BAM-1020 Mass Monitor w/VSCC","42660","Seattle-Tacoma-Bellevue, WA","53","Washington","033","King","47.597222","-122.319722"
"07/14/2019","AQS","530330030","5","5","ug/m3 LC","28","Seattle-10th & Weller","1","100.0000","88101","PM2.5 - Local Conditions","170","Met One BAM-1020 Mass Monitor w/VSCC","42660","Seattle-Tacoma-Bellevue, WA","53","Washington","033","King","47.597222","-122.319722"
"07/15/2019","AQS","530330030","5","5.1","ug/m3 LC","28","Seattle-10th & Weller","1","100.0000","88101","PM2.5 - Local Conditions","170","Met One BAM-1020 Mass Monitor w/VSCC","42660","Seattle-Tacoma-Bellevue, WA","53","Washington","033","King","47.597222","-122.319722"
"07/16/2019","AQS","530330030","5","7","ug/m3 LC","39","Seattle-10th & Weller","1","100.0000","88101","PM2.5 - Local Conditions","170","Met One BAM-1020 Mass Monitor w/VSCC","42660","Seattle-Tacoma-Bellevue, WA","53","Washington","033","King","47.597222","-122.319722"
"07/17/2019","AQS","530330030","5","3","ug/m3 LC","17","Seattle-10th & Weller","1","100.0000","88101","PM2.5 - Local Conditions","170","Met One BAM-1020 Mass Monitor w/VSCC","42660","Seattle-Tacoma-Bellevue, WA","53","Washington","033","King","47.597222","-122.319722"
"07/18/2019","AQS","530330030","5","3.7","ug/m3 LC","21","Seattle-10th & Weller","1","100.0000","88101","PM2.5 - Local Conditions","170","Met One BAM-1020 Mass Monitor w/VSCC","42660","Seattle-Tacoma-Bellevue, WA","53","Washington","033","King","47.597222","-122.319722"
"07/19/2019","AQS","530330030","5","5.3","ug/m3 LC","29","Seattle-10th & Weller","1","100.0000","88101","PM2.5 - Local Conditions","170","Met One BAM-1020 Mass Monitor w/VSCC","42660","Seattle-Tacoma-Bellevue, WA","53","Washington","033","King","47.597222","-122.319722"
"07/20/2019","AQS","530330030","5","4.7","ug/m3 LC","26","Seattle-10th & Weller","1","100.0000","88101","PM2.5 - Local Conditions","170","Met One BAM-1020 Mass Monitor w/VSCC","42660","Seattle-Tacoma-Bellevue, WA","53","Washington","033","King","47.597222","-122.319722"
"07/21/2019","AQS","530330030","5","7.3","ug/m3 LC","41","Seattle-10th & Weller","1","100.0000","88101","PM2.5 - Local Conditions","170","Met One BAM-1020 Mass Monitor w/VSCC","42660","Seattle-Tacoma-Bellevue, WA","53","Washington","033","King","47.597222","-122.319722"
"07/22/2019","AQS","530330030","5","5.9","ug/m3 LC","33","Seattle-10th & Weller","1","100.0000","88101","PM2.5 - Local Conditions","170","Met One BAM-1020 Mass Monitor w/VSCC","42660","Seattle-Tacoma-Bellevue, WA","53","Washington","033","King","47.597222","-122.319722"
"07/23/2019","AQS","530330030","5","5.7","ug/m3 LC","32","Seattle-10th & Weller","1","100.0000","88101","PM2.5 - Local Conditions","170","Met One BAM-1020 Mass Monitor w/VSCC","42660","Seattle-Tacoma-Bellevue, WA","53","Washington","033","King","47.597222","-122.319722"
"07/24/2019","AQS","530330030","5","4.2","ug/m3 LC","23","Seattle-10th & Weller","1","100.0000","88101","PM2.5 - Local Conditions","170","Met One BAM-1020 Mass Monitor w/VSCC","42660","Seattle-Tacoma-Bellevue, WA","53","Washington","033","King","47.597222","-122.319722"
"07/25/2019","AQS","530330030","5","5.1","ug/m3 LC","28","Seattle-10th & Weller","1","100.0000","88101","PM2.5 - Local Conditions","170","Met One BAM-1020 Mass Monitor w/VSCC","42660","Seattle-Tacoma-Bellevue, WA","53","Washington","033","King","47.597222","-122.319722"
"07/26/2019","AQS","530330030","5","4.9","ug/m3 LC","27","Seattle-10th & Weller","1","100.0000","88101","PM2.5 - Local Conditions","170","Met One BAM-1020 Mass Monitor w/VSCC","42660","Seattle-Tacoma-Bellevue, WA","53","Washington","033","King","47.597222","-122.319722"
"07/27/2019","AQS","530330030","5","2.8","ug/m3 LC","16","Seattle-10th & Weller","1","100.0000","88101","PM2.5 - Local Conditions","170","Met One BAM-1020 Mass Monitor w/VSCC","42660","Seattle-Tacoma-Bellevue, WA","53","Washington","033","King","47.597222","-122.319722"
"07/28/2019","AQS","530330030","5","3.5","ug/m3 LC","19","Seattle-10th & Weller","1","100.0000","88101","PM2.5 - Local Conditions","170","Met One BAM-1020 Mass Monitor w/VSCC","42660","Seattle-Tacoma-Bellevue, WA","53","Washington","033","King","47.597222","-122.319722"
"07/29/2019","AQS","530330030","5","8.2","ug/m3 LC","46","Seattle-10th & Weller","1","100.0000","88101","PM2.5 - Local Conditions","170","Met One BAM-1020 Mass Monitor w/VSCC","42660","Seattle-Tacoma-Bellevue, WA","53","Washington","033","King","47.597222","-122.319722"
"07/30/2019","AQS","530330030","5","6.7","ug/m3 LC","37","Seattle-10th & Weller","1","100.0000","88101","PM2.5 - Local Conditions","170","Met One BAM-1020 Mass Monitor w/VSCC","42660","Seattle-Tacoma-Bellevue, WA","53","Washington","033","King","47.597222","-122.319722"
"07/31/2019","AQS","530330030","5","7.9","ug/m3 LC","44","Seattle-10th & Weller","1","100.0000","88101","PM2.5 - Local Conditions","170","Met One BAM-1020 Mass Monitor w/VSCC","42660","Seattle-Tacoma-Bellevue, WA","53","Washington","033","King","47.597222","-122.319722"
"08/01/2019","AQS","530330030","5","5","ug/m3 LC","28","Seattle-10th & Weller","1","100.0000","88101","PM2.5 - Local Conditions","170","Met One BAM-1020 Mass Monitor w/VSCC","42660","Seattle-Tacoma-Bellevue, WA","53","Washington","033","King","47.597222","-122.319722"
"08/02/2019","AQS","530330030","5","5.8","ug/m3 LC","32","Seattle-10th & Weller","1","100.0000","88101","PM2.5 - Local Conditions","170","Met One BAM-1020 Mass Monitor w/VSCC","42660","Seattle-Tacoma-Bellevue, WA","53","Washington","033","King","47.597222","-122.319722"
"08/03/2019","AQS","530330030","5","9.7","ug/m3 LC","52","Seattle-10th & Weller","1","100.0000","88101","PM2.5 - Local Conditions","170","Met One BAM-1020 Mass Monitor w/VSCC","42660","Seattle-Tacoma-Bellevue, WA","53","Washington","033","King","47.597222","-122.319722"
"08/04/2019","AQS","530330030","5","10.8","ug/m3 LC","54","Seattle-10th & Weller","1","100.0000","88101","PM2.5 - Local Conditions","170","Met One BAM-1020 Mass Monitor w/VSCC","42660","Seattle-Tacoma-Bellevue, WA","53","Washington","033","King","47.597222","-122.319722"
"08/05/2019","AQS","530330030","5","13.4","ug/m3 LC","59","Seattle-10th & Weller","1","100.0000","88101","PM2.5 - Local Conditions","170","Met One BAM-1020 Mass Monitor w/VSCC","42660","Seattle-Tacoma-Bellevue, WA","53","Washington","033","King","47.597222","-122.319722"
"08/06/2019","AQS","530330030","5","11.5","ug/m3 LC","55","Seattle-10th & Weller","1","100.0000","88101","PM2.5 - Local Conditions","170","Met One BAM-1020 Mass Monitor w/VSCC","42660","Seattle-Tacoma-Bellevue, WA","53","Washington","033","King","47.597222","-122.319722"
"08/07/2019","AQS","530330030","5","7.9","ug/m3 LC","44","Seattle-10th & Weller","1","100.0000","88101","PM2.5 - Local Conditions","170","Met One BAM-1020 Mass Monitor w/VSCC","42660","Seattle-Tacoma-Bellevue, WA","53","Washington","033","King","47.597222","-122.319722"
"08/08/2019","AQS","530330030","5","6","ug/m3 LC","33","Seattle-10th & Weller","1","100.0000","88101","PM2.5 - Local Conditions","170","Met One BAM-1020 Mass Monitor w/VSCC","42660","Seattle-Tacoma-Bellevue, WA","53","Washington","033","King","47.597222","-122.319722"
"08/09/2019","AQS","530330030","5","7.2","ug/m3 LC","40","Seattle-10th & Weller","1","100.0000","88101","PM2.5 - Local Conditions","170","Met One BAM-1020 Mass Monitor w/VSCC","42660","Seattle-Tacoma-Bellevue, WA","53","Washington","033","King","47.597222","-122.319722"
"08/10/2019","AQS","530330030","5","7.1","ug/m3 LC","39","Seattle-10th & Weller","1","100.0000","88101","PM2.5 - Local Conditions","170","Met One BAM-1020 Mass Monitor w/VSCC","42660","Seattle-Tacoma-Bellevue, WA","53","Washington","033","King","47.597222","-122.319722"
"08/11/2019","AQS","530330030","5","4","ug/m3 LC","22","Seattle-10th & Weller","1","100.0000","88101","PM2.5 - Local Conditions","170","Met One BAM-1020 Mass Monitor w/VSCC","42660","Seattle-Tacoma-Bellevue, WA","53","Washington","033","King","47.597222","-122.319722"
"08/12/2019","AQS","530330030","5","4.9","ug/m3 LC","27","Seattle-10th & Weller","1","100.0000","88101","PM2.5 - Local Conditions","170","Met One BAM-1020 Mass Monitor w/VSCC","42660","Seattle-Tacoma-Bellevue, WA","53","Washington","033","King","47.597222","-122.319722"
"08/13/2019","AQS","530330030","5","6.2","ug/m3 LC","34","Seattle-10th & Weller","1","100.0000","88101","PM2.5 - Local Conditions","170","Met One BAM-1020 Mass Monitor w/VSCC","42660","Seattle-Tacoma-Bellevue, WA","53","Washington","033","King","47.597222","-122.319722"
"08/14/2019","AQS","530330030","5","7.2","ug/m3 LC","40","Seattle-10th & Weller","1","100.0000","88101","PM2.5 - Local Conditions","170","Met One BAM-1020 Mass Monitor w/VSCC","42660","Seattle-Tacoma-Bellevue, WA","53","Washington","033","King","47.597222","-122.319722"
"08/15/2019","AQS","530330030","5","6.6","ug/m3 LC","37","Seattle-10th & Weller","1","100.0000","88101","PM2.5 - Local Conditions","170","Met One BAM-1020 Mass Monitor w/VSCC","42660","Seattle-Tacoma-Bellevue, WA","53","Washington","033","King","47.597222","-122.319722"
"08/16/2019","AQS","530330030","5","7.5","ug/m3 LC","42","Seattle-10th & Weller","1","100.0000","88101","PM2.5 - Local Conditions","170","Met One BAM-1020 Mass Monitor w/VSCC","42660","Seattle-Tacoma-Bellevue, WA","53","Washington","033","King","47.597222","-122.319722"
"08/17/2019","AQS","530330030","5","6.1","ug/m3 LC","34","Seattle-10th & Weller","1","100.0000","88101","PM2.5 - Local Conditions","170","Met One BAM-1020 Mass Monitor w/VSCC","42660","Seattle-Tacoma-Bellevue, WA","53","Washington","033","King","47.597222","-122.319722"
"08/18/2019","AQS","530330030","5","4.7","ug/m3 LC","26","Seattle-10th & Weller","1","100.0000","88101","PM2.5 - Local Conditions","170","Met One BAM-1020 Mass Monitor w/VSCC","42660","Seattle-Tacoma-Bellevue, WA","53","Washington","033","King","47.597222","-122.319722"
"08/19/2019","AQS","530330030","5","4.2","ug/m3 LC","23","Seattle-10th & Weller","1","100.0000","88101","PM2.5 - Local Conditions","170","Met One BAM-1020 Mass Monitor w/VSCC","42660","Seattle-Tacoma-Bellevue, WA","53","Washington","033","King","47.597222","-122.319722"
"08/20/2019","AQS","530330030","5","7.9","ug/m3 LC","44","Seattle-10th & Weller","1","100.0000","88101","PM2.5 - Local Conditions","170","Met One BAM-1020 Mass Monitor w/VSCC","42660","Seattle-Tacoma-Bellevue, WA","53","Washington","033","King","47.597222","-122.319722"
"08/21/2019","AQS","530330030","5","5.2","ug/m3 LC","29","Seattle-10th & Weller","1","100.0000","88101","PM2.5 - Local Conditions","170","Met One BAM-1020 Mass Monitor w/VSCC","42660","Seattle-Tacoma-Bellevue, WA","53","Washington","033","King","47.597222","-122.319722"
"08/22/2019","AQS","530330030","5","8.8","ug/m3 LC","49","Seattle-10th & Weller","1","100.0000","88101","PM2.5 - Local Conditions","170","Met One BAM-1020 Mass Monitor w/VSCC","42660","Seattle-Tacoma-Bellevue, WA","53","Washington","033","King","47.597222","-122.319722"
"08/23/2019","AQS","530330030","5","9.1","ug/m3 LC","51","Seattle-10th & Weller","1","100.0000","88101","PM2.5 - Local Conditions","170","Met One BAM-1020 Mass Monitor w/VSCC","42660","Seattle-Tacoma-Bellevue, WA","53","Washington","033","King","47.597222","-122.319722"
"08/24/2019","AQS","530330030","5","6.1","ug/m3 LC","34","Seattle-10th & Weller","1","100.0000","88101","PM2.5 - Local Conditions","170","Met One BAM-1020 Mass Monitor w/VSCC","42660","Seattle-Tacoma-Bellevue, WA","53","Washington","033","King","47.597222","-122.319722"
"08/25/2019","AQS","530330030","5","6.4","ug/m3 LC","36","Seattle-10th & Weller","1","100.0000","88101","PM2.5 - Local Conditions","170","Met One BAM-1020 Mass Monitor w/VSCC","42660","Seattle-Tacoma-Bellevue, WA","53","Washington","033","King","47.597222","-122.319722"
"08/26/2019","AQS","530330030","5","8.3","ug/m3 LC","46","Seattle-10th & Weller","1","100.0000","88101","PM2.5 - Local Conditions","170","Met One BAM-1020 Mass Monitor w/VSCC","42660","Seattle-Tacoma-Bellevue, WA","53","Washington","033","King","47.597222","-122.319722"
"08/27/2019","AQS","530330030","5","7.8","ug/m3 LC","43","Seattle-10th & Weller","1","100.0000","88101","PM2.5 - Local Conditions","170","Met One BAM-1020 Mass Monitor w/VSCC","42660","Seattle-Tacoma-Bellevue, WA","53","Washington","033","King","47.597222","-122.319722"
"08/28/2019","AQS","530330030","5","9.4","ug/m3 LC","52","Seattle-10th & Weller","1","100.0000","88101","PM2.5 - Local Conditions","170","Met One BAM-1020 Mass Monitor w/VSCC","42660","Seattle-Tacoma-Bellevue, WA","53","Washington","033","King","47.597222","-122.319722"
"08/29/2019","AQS","530330030","5","9","ug/m3 LC","50","Seattle-10th & Weller","1","100.0000","88101","PM2.5 - Local Conditions","170","Met One BAM-1020 Mass Monitor w/VSCC","42660","Seattle-Tacoma-Bellevue, WA","53","Washington","033","King","47.597222","-122.319722"
"08/30/2019","AQS","530330030","5","6.8","ug/m3 LC","38","Seattle-10th & Weller","1","100.0000","88101","PM2.5 - Local Conditions","170","Met One BAM-1020 Mass Monitor w/VSCC","42660","Seattle-Tacoma-Bellevue, WA","53","Washington","033","King","47.597222","-122.319722"
"08/31/2019","AQS","530330030","5","6.9","ug/m3 LC","38","Seattle-10th & Weller","1","100.0000","88101","PM2.5 - Local Conditions","170","Met One BAM-1020 Mass Monitor w/VSCC","42660","Seattle-Tacoma-Bellevue, WA","53","Washington","033","King","47.597222","-122.319722"
"09/01/2019","AQS","530330030","5","4.5","ug/m3 LC","25","Seattle-10th & Weller","1","100.0000","88101","PM2.5 - Local Conditions","170","Met One BAM-1020 Mass Monitor w/VSCC","42660","Seattle-Tacoma-Bellevue, WA","53","Washington","033","King","47.597222","-122.319722"
"09/02/2019","AQS","530330030","5","4.7","ug/m3 LC","26","Seattle-10th & Weller","1","100.0000","88101","PM2.5 - Local Conditions","170","Met One BAM-1020 Mass Monitor w/VSCC","42660","Seattle-Tacoma-Bellevue, WA","53","Washington","033","King","47.597222","-122.319722"
"09/03/2019","AQS","530330030","5","9.4","ug/m3 LC","52","Seattle-10th & Weller","1","100.0000","88101","PM2.5 - Local Conditions","170","Met One BAM-1020 Mass Monitor w/VSCC","42660","Seattle-Tacoma-Bellevue, WA","53","Washington","033","King","47.597222","-122.319722"
"09/04/2019","AQS","530330030","5","6.6","ug/m3 LC","37","Seattle-10th & Weller","1","100.0000","88101","PM2.5 - Local Conditions","170","Met One BAM-1020 Mass Monitor w/VSCC","42660","Seattle-Tacoma-Bellevue, WA","53","Washington","033","King","47.597222","-122.319722"
"09/05/2019","AQS","530330030","5","8.4","ug/m3 LC","47","Seattle-10th & Weller","1","100.0000","88101","PM2.5 - Local Conditions","170","Met One BAM-1020 Mass Monitor w/VSCC","42660","Seattle-Tacoma-Bellevue, WA","53","Washington","033","King","47.597222","-122.319722"
"09/06/2019","AQS","530330030","5","9.7","ug/m3 LC","52","Seattle-10th & Weller","1","100.0000","88101","PM2.5 - Local Conditions","170","Met One BAM-1020 Mass Monitor w/VSCC","42660","Seattle-Tacoma-Bellevue, WA","53","Washington","033","King","47.597222","-122.319722"
"09/07/2019","AQS","530330030","5","7","ug/m3 LC","39","Seattle-10th & Weller","1","100.0000","88101","PM2.5 - Local Conditions","170","Met One BAM-1020 Mass Monitor w/VSCC","42660","Seattle-Tacoma-Bellevue, WA","53","Washington","033","King","47.597222","-122.319722"
"09/08/2019","AQS","530330030","5","2.2","ug/m3 LC","12","Seattle-10th & Weller","1","100.0000","88101","PM2.5 - Local Conditions","170","Met One BAM-1020 Mass Monitor w/VSCC","42660","Seattle-Tacoma-Bellevue, WA","53","Washington","033","King","47.597222","-122.319722"
"09/09/2019","AQS","530330030","5","3.2","ug/m3 LC","18","Seattle-10th & Weller","1","100.0000","88101","PM2.5 - Local Conditions","170","Met One BAM-1020 Mass Monitor w/VSCC","42660","Seattle-Tacoma-Bellevue, WA","53","Washington","033","King","47.597222","-122.319722"
"09/10/2019","AQS","530330030","5","5.1","ug/m3 LC","28","Seattle-10th & Weller","1","100.0000","88101","PM2.5 - Local Conditions","170","Met One BAM-1020 Mass Monitor w/VSCC","42660","Seattle-Tacoma-Bellevue, WA","53","Washington","033","King","47.597222","-122.319722"
"09/11/2019","AQS","530330030","5","6","ug/m3 LC","33","Seattle-10th & Weller","1","100.0000","88101","PM2.5 - Local Conditions","170","Met One BAM-1020 Mass Monitor w/VSCC","42660","Seattle-Tacoma-Bellevue, WA","53","Washington","033","King","47.597222","-122.319722"
"09/12/2019","AQS","530330030","5","4.5","ug/m3 LC","25","Seattle-10th & Weller","1","100.0000","88101","PM2.5 - Local Conditions","170","Met One BAM-1020 Mass Monitor w/VSCC","42660","Seattle-Tacoma-Bellevue, WA","53","Washington","033","King","47.597222","-122.319722"
"09/13/2019","AQS","530330030","5","4.2","ug/m3 LC","23","Seattle-10th & Weller","1","100.0000","88101","PM2.5 - Local Conditions","170","Met One BAM-1020 Mass Monitor w/VSCC","42660","Seattle-Tacoma-Bellevue, WA","53","Washington","033","King","47.597222","-122.319722"
"09/14/2019","AQS","530330030","5","3.2","ug/m3 LC","18","Seattle-10th & Weller","1","100.0000","88101","PM2.5 - Local Conditions","170","Met One BAM-1020 Mass Monitor w/VSCC","42660","Seattle-Tacoma-Bellevue, WA","53","Washington","033","King","47.597222","-122.319722"
"09/15/2019","AQS","530330030","5","3.4","ug/m3 LC","19","Seattle-10th & Weller","1","100.0000","88101","PM2.5 - Local Conditions","170","Met One BAM-1020 Mass Monitor w/VSCC","42660","Seattle-Tacoma-Bellevue, WA","53","Washington","033","King","47.597222","-122.319722"
"09/16/2019","AQS","530330030","5","5.9","ug/m3 LC","33","Seattle-10th & Weller","1","100.0000","88101","PM2.5 - Local Conditions","170","Met One BAM-1020 Mass Monitor w/VSCC","42660","Seattle-Tacoma-Bellevue, WA","53","Washington","033","King","47.597222","-122.319722"
"09/17/2019","AQS","530330030","5","2.2","ug/m3 LC","12","Seattle-10th & Weller","1","100.0000","88101","PM2.5 - Local Conditions","170","Met One BAM-1020 Mass Monitor w/VSCC","42660","Seattle-Tacoma-Bellevue, WA","53","Washington","033","King","47.597222","-122.319722"
"09/18/2019","AQS","530330030","5","5.2","ug/m3 LC","29","Seattle-10th & Weller","1","100.0000","88101","PM2.5 - Local Conditions","170","Met One BAM-1020 Mass Monitor w/VSCC","42660","Seattle-Tacoma-Bellevue, WA","53","Washington","033","King","47.597222","-122.319722"
"09/19/2019","AQS","530330030","5","9.3","ug/m3 LC","51","Seattle-10th & Weller","1","100.0000","88101","PM2.5 - Local Conditions","170","Met One BAM-1020 Mass Monitor w/VSCC","42660","Seattle-Tacoma-Bellevue, WA","53","Washington","033","King","47.597222","-122.319722"
"09/20/2019","AQS","530330030","5","6.8","ug/m3 LC","38","Seattle-10th & Weller","1","100.0000","88101","PM2.5 - Local Conditions","170","Met One BAM-1020 Mass Monitor w/VSCC","42660","Seattle-Tacoma-Bellevue, WA","53","Washington","033","King","47.597222","-122.319722"
"09/21/2019","AQS","530330030","5","5.7","ug/m3 LC","32","Seattle-10th & Weller","1","100.0000","88101","PM2.5 - Local Conditions","170","Met One BAM-1020 Mass Monitor w/VSCC","42660","Seattle-Tacoma-Bellevue, WA","53","Washington","033","King","47.597222","-122.319722"
"09/22/2019","AQS","530330030","5","4.5","ug/m3 LC","25","Seattle-10th & Weller","1","100.0000","88101","PM2.5 - Local Conditions","170","Met One BAM-1020 Mass Monitor w/VSCC","42660","Seattle-Tacoma-Bellevue, WA","53","Washington","033","King","47.597222","-122.319722"
"09/23/2019","AQS","530330030","5","6.3","ug/m3 LC","35","Seattle-10th & Weller","1","100.0000","88101","PM2.5 - Local Conditions","170","Met One BAM-1020 Mass Monitor w/VSCC","42660","Seattle-Tacoma-Bellevue, WA","53","Washington","033","King","47.597222","-122.319722"
"09/24/2019","AQS","530330030","5","7.6","ug/m3 LC","42","Seattle-10th & Weller","1","100.0000","88101","PM2.5 - Local Conditions","170","Met One BAM-1020 Mass Monitor w/VSCC","42660","Seattle-Tacoma-Bellevue, WA","53","Washington","033","King","47.597222","-122.319722"
"09/25/2019","AQS","530330030","5","9.2","ug/m3 LC","51","Seattle-10th & Weller","1","100.0000","88101","PM2.5 - Local Conditions","170","Met One BAM-1020 Mass Monitor w/VSCC","42660","Seattle-Tacoma-Bellevue, WA","53","Washington","033","King","47.597222","-122.319722"
"09/26/2019","AQS","530330030","5","5.7","ug/m3 LC","32","Seattle-10th & Weller","1","100.0000","88101","PM2.5 - Local Conditions","170","Met One BAM-1020 Mass Monitor w/VSCC","42660","Seattle-Tacoma-Bellevue, WA","53","Washington","033","King","47.597222","-122.319722"
"09/27/2019","AQS","530330030","5","3.8","ug/m3 LC","21","Seattle-10th & Weller","1","100.0000","88101","PM2.5 - Local Conditions","170","Met One BAM-1020 Mass Monitor w/VSCC","42660","Seattle-Tacoma-Bellevue, WA","53","Washington","033","King","47.597222","-122.319722"
"09/28/2019","AQS","530330030","5","1.7","ug/m3 LC","9","Seattle-10th & Weller","1","100.0000","88101","PM2.5 - Local Conditions","170","Met One BAM-1020 Mass Monitor w/VSCC","42660","Seattle-Tacoma-Bellevue, WA","53","Washington","033","King","47.597222","-122.319722"
"09/29/2019","AQS","530330030","5","1.2","ug/m3 LC","7","Seattle-10th & Weller","1","100.0000","88101","PM2.5 - Local Conditions","170","Met One BAM-1020 Mass Monitor w/VSCC","42660","Seattle-Tacoma-Bellevue, WA","53","Washington","033","King","47.597222","-122.319722"
"09/30/2019","AQS","530330030","5","1.5","ug/m3 LC","8","Seattle-10th & Weller","1","100.0000","88101","PM2.5 - Local Conditions","170","Met One BAM-1020 Mass Monitor w/VSCC","42660","Seattle-Tacoma-Bellevue, WA","53","Washington","033","King","47.597222","-122.319722"
"10/01/2019","AQS","530330030","5","5.6","ug/m3 LC","31","Seattle-10th & Weller","1","100.0000","88101","PM2.5 - Local Conditions","170","Met One BAM-1020 Mass Monitor w/VSCC","42660","Seattle-Tacoma-Bellevue, WA","53","Washington","033","King","47.597222","-122.319722"
"10/02/2019","AQS","530330030","5","8","ug/m3 LC","44","Seattle-10th & Weller","1","100.0000","88101","PM2.5 - Local Conditions","170","Met One BAM-1020 Mass Monitor w/VSCC","42660","Seattle-Tacoma-Bellevue, WA","53","Washington","033","King","47.597222","-122.319722"
"10/03/2019","AQS","530330030","5","4.9","ug/m3 LC","27","Seattle-10th & Weller","1","100.0000","88101","PM2.5 - Local Conditions","170","Met One BAM-1020 Mass Monitor w/VSCC","42660","Seattle-Tacoma-Bellevue, WA","53","Washington","033","King","47.597222","-122.319722"
"10/04/2019","AQS","530330030","5","4.2","ug/m3 LC","23","Seattle-10th & Weller","1","100.0000","88101","PM2.5 - Local Conditions","170","Met One BAM-1020 Mass Monitor w/VSCC","42660","Seattle-Tacoma-Bellevue, WA","53","Washington","033","King","47.597222","-122.319722"
"10/05/2019","AQS","530330030","5","6.5","ug/m3 LC","36","Seattle-10th & Weller","1","100.0000","88101","PM2.5 - Local Conditions","170","Met One BAM-1020 Mass Monitor w/VSCC","42660","Seattle-Tacoma-Bellevue, WA","53","Washington","033","King","47.597222","-122.319722"
"10/06/2019","AQS","530330030","5","5","ug/m3 LC","28","Seattle-10th & Weller","1","100.0000","88101","PM2.5 - Local Conditions","170","Met One BAM-1020 Mass Monitor w/VSCC","42660","Seattle-Tacoma-Bellevue, WA","53","Washington","033","King","47.597222","-122.319722"
"10/08/2019","AQS","530330030","5","3.3","ug/m3 LC","18","Seattle-10th & Weller","1","100.0000","88101","PM2.5 - Local Conditions","170","Met One BAM-1020 Mass Monitor w/VSCC","42660","Seattle-Tacoma-Bellevue, WA","53","Washington","033","King","47.597222","-122.319722"
"10/09/2019","AQS","530330030","5","4","ug/m3 LC","22","Seattle-10th & Weller","1","100.0000","88101","PM2.5 - Local Conditions","170","Met One BAM-1020 Mass Monitor w/VSCC","42660","Seattle-Tacoma-Bellevue, WA","53","Washington","033","King","47.597222","-122.319722"
"10/10/2019","AQS","530330030","5","5.7","ug/m3 LC","32","Seattle-10th & Weller","1","100.0000","88101","PM2.5 - Local Conditions","170","Met One BAM-1020 Mass Monitor w/VSCC","42660","Seattle-Tacoma-Bellevue, WA","53","Washington","033","King","47.597222","-122.319722"
"10/11/2019","AQS","530330030","5","8.6","ug/m3 LC","48","Seattle-10th & Weller","1","100.0000","88101","PM2.5 - Local Conditions","170","Met One BAM-1020 Mass Monitor w/VSCC","42660","Seattle-Tacoma-Bellevue, WA","53","Washington","033","King","47.597222","-122.319722"
"10/12/2019","AQS","530330030","5","11.6","ug/m3 LC","56","Seattle-10th & Weller","1","100.0000","88101","PM2.5 - Local Conditions","170","Met One BAM-1020 Mass Monitor w/VSCC","42660","Seattle-Tacoma-Bellevue, WA","53","Washington","033","King","47.597222","-122.319722"
"10/13/2019","AQS","530330030","5","10.7","ug/m3 LC","54","Seattle-10th & Weller","1","100.0000","88101","PM2.5 - Local Conditions","170","Met One BAM-1020 Mass Monitor w/VSCC","42660","Seattle-Tacoma-Bellevue, WA","53","Washington","033","King","47.597222","-122.319722"
"10/14/2019","AQS","530330030","5","10.5","ug/m3 LC","54","Seattle-10th & Weller","1","100.0000","88101","PM2.5 - Local Conditions","170","Met One BAM-1020 Mass Monitor w/VSCC","42660","Seattle-Tacoma-Bellevue, WA","53","Washington","033","King","47.597222","-122.319722"
"10/15/2019","AQS","530330030","5","14.4","ug/m3 LC","61","Seattle-10th & Weller","1","100.0000","88101","PM2.5 - Local Conditions","170","Met One BAM-1020 Mass Monitor w/VSCC","42660","Seattle-Tacoma-Bellevue, WA","53","Washington","033","King","47.597222","-122.319722"
"10/16/2019","AQS","530330030","5","10.2","ug/m3 LC","53","Seattle-10th & Weller","1","100.0000","88101","PM2.5 - Local Conditions","170","Met One BAM-1020 Mass Monitor w/VSCC","42660","Seattle-Tacoma-Bellevue, WA","53","Washington","033","King","47.597222","-122.319722"
"10/17/2019","AQS","530330030","5","5.9","ug/m3 LC","33","Seattle-10th & Weller","1","100.0000","88101","PM2.5 - Local Conditions","170","Met One BAM-1020 Mass Monitor w/VSCC","42660","Seattle-Tacoma-Bellevue, WA","53","Washington","033","King","47.597222","-122.319722"
"10/18/2019","AQS","530330030","5","5.9","ug/m3 LC","33","Seattle-10th & Weller","1","100.0000","88101","PM2.5 - Local Conditions","170","Met One BAM-1020 Mass Monitor w/VSCC","42660","Seattle-Tacoma-Bellevue, WA","53","Washington","033","King","47.597222","-122.319722"
"10/19/2019","AQS","530330030","5","3","ug/m3 LC","17","Seattle-10th & Weller","1","100.0000","88101","PM2.5 - Local Conditions","170","Met One BAM-1020 Mass Monitor w/VSCC","42660","Seattle-Tacoma-Bellevue, WA","53","Washington","033","King","47.597222","-122.319722"
"10/20/2019","AQS","530330030","5","3.7","ug/m3 LC","21","Seattle-10th & Weller","1","100.0000","88101","PM2.5 - Local Conditions","170","Met One BAM-1020 Mass Monitor w/VSCC","42660","Seattle-Tacoma-Bellevue, WA","53","Washington","033","King","47.597222","-122.319722"
"10/21/2019","AQS","530330030","5","7","ug/m3 LC","39","Seattle-10th & Weller","1","100.0000","88101","PM2.5 - Local Conditions","170","Met One BAM-1020 Mass Monitor w/VSCC","42660","Seattle-Tacoma-Bellevue, WA","53","Washington","033","King","47.597222","-122.319722"
"10/22/2019","AQS","530330030","5","6.1","ug/m3 LC","34","Seattle-10th & Weller","1","100.0000","88101","PM2.5 - Local Conditions","170","Met One BAM-1020 Mass Monitor w/VSCC","42660","Seattle-Tacoma-Bellevue, WA","53","Washington","033","King","47.597222","-122.319722"
"10/23/2019","AQS","530330030","5","5.3","ug/m3 LC","29","Seattle-10th & Weller","1","100.0000","88101","PM2.5 - Local Conditions","170","Met One BAM-1020 Mass Monitor w/VSCC","42660","Seattle-Tacoma-Bellevue, WA","53","Washington","033","King","47.597222","-122.319722"
"10/24/2019","AQS","530330030","5","13","ug/m3 LC","58","Seattle-10th & Weller","1","100.0000","88101","PM2.5 - Local Conditions","170","Met One BAM-1020 Mass Monitor w/VSCC","42660","Seattle-Tacoma-Bellevue, WA","53","Washington","033","King","47.597222","-122.319722"
"10/25/2019","AQS","530330030","5","8.8","ug/m3 LC","49","Seattle-10th & Weller","1","100.0000","88101","PM2.5 - Local Conditions","170","Met One BAM-1020 Mass Monitor w/VSCC","42660","Seattle-Tacoma-Bellevue, WA","53","Washington","033","King","47.597222","-122.319722"
"10/26/2019","AQS","530330030","5","7.2","ug/m3 LC","40","Seattle-10th & Weller","1","100.0000","88101","PM2.5 - Local Conditions","170","Met One BAM-1020 Mass Monitor w/VSCC","42660","Seattle-Tacoma-Bellevue, WA","53","Washington","033","King","47.597222","-122.319722"
"10/27/2019","AQS","530330030","5","4.2","ug/m3 LC","23","Seattle-10th & Weller","1","100.0000","88101","PM2.5 - Local Conditions","170","Met One BAM-1020 Mass Monitor w/VSCC","42660","Seattle-Tacoma-Bellevue, WA","53","Washington","033","King","47.597222","-122.319722"
"10/28/2019","AQS","530330030","5","7.7","ug/m3 LC","43","Seattle-10th & Weller","1","100.0000","88101","PM2.5 - Local Conditions","170","Met One BAM-1020 Mass Monitor w/VSCC","42660","Seattle-Tacoma-Bellevue, WA","53","Washington","033","King","47.597222","-122.319722"
"10/29/2019","AQS","530330030","5","3.5","ug/m3 LC","19","Seattle-10th & Weller","1","100.0000","88101","PM2.5 - Local Conditions","170","Met One BAM-1020 Mass Monitor w/VSCC","42660","Seattle-Tacoma-Bellevue, WA","53","Washington","033","King","47.597222","-122.319722"
"10/30/2019","AQS","530330030","5","6.1","ug/m3 LC","34","Seattle-10th & Weller","1","100.0000","88101","PM2.5 - Local Conditions","170","Met One BAM-1020 Mass Monitor w/VSCC","42660","Seattle-Tacoma-Bellevue, WA","53","Washington","033","King","47.597222","-122.319722"
"10/31/2019","AQS","530330030","5","15.5","ug/m3 LC","63","Seattle-10th & Weller","1","100.0000","88101","PM2.5 - Local Conditions","170","Met One BAM-1020 Mass Monitor w/VSCC","42660","Seattle-Tacoma-Bellevue, WA","53","Washington","033","King","47.597222","-122.319722"
"11/01/2019","AQS","530330030","5","12.5","ug/m3 LC","57","Seattle-10th & Weller","1","100.0000","88101","PM2.5 - Local Conditions","170","Met One BAM-1020 Mass Monitor w/VSCC","42660","Seattle-Tacoma-Bellevue, WA","53","Washington","033","King","47.597222","-122.319722"
"11/02/2019","AQS","530330030","5","14","ug/m3 LC","60","Seattle-10th & Weller","1","100.0000","88101","PM2.5 - Local Conditions","170","Met One BAM-1020 Mass Monitor w/VSCC","42660","Seattle-Tacoma-Bellevue, WA","53","Washington","033","King","47.597222","-122.319722"
"11/03/2019","AQS","530330030","5","13.7","ug/m3 LC","60","Seattle-10th & Weller","1","100.0000","88101","PM2.5 - Local Conditions","170","Met One BAM-1020 Mass Monitor w/VSCC","42660","Seattle-Tacoma-Bellevue, WA","53","Washington","033","King","47.597222","-122.319722"
"11/04/2019","AQS","530330030","5","12.3","ug/m3 LC","57","Seattle-10th & Weller","1","100.0000","88101","PM2.5 - Local Conditions","170","Met One BAM-1020 Mass Monitor w/VSCC","42660","Seattle-Tacoma-Bellevue, WA","53","Washington","033","King","47.597222","-122.319722"
"11/05/2019","AQS","530330030","5","10.1","ug/m3 LC","53","Seattle-10th & Weller","1","100.0000","88101","PM2.5 - Local Conditions","170","Met One BAM-1020 Mass Monitor w/VSCC","42660","Seattle-Tacoma-Bellevue, WA","53","Washington","033","King","47.597222","-122.319722"
"11/06/2019","AQS","530330030","5","10.8","ug/m3 LC","54","Seattle-10th & Weller","1","100.0000","88101","PM2.5 - Local Conditions","170","Met One BAM-1020 Mass Monitor w/VSCC","42660","Seattle-Tacoma-Bellevue, WA","53","Washington","033","King","47.597222","-122.319722"
"11/07/2019","AQS","530330030","5","13.2","ug/m3 LC","59","Seattle-10th & Weller","1","100.0000","88101","PM2.5 - Local Conditions","170","Met One BAM-1020 Mass Monitor w/VSCC","42660","Seattle-Tacoma-Bellevue, WA","53","Washington","033","King","47.597222","-122.319722"
"11/08/2019","AQS","530330030","5","15.1","ug/m3 LC","62","Seattle-10th & Weller","1","100.0000","88101","PM2.5 - Local Conditions","170","Met One BAM-1020 Mass Monitor w/VSCC","42660","Seattle-Tacoma-Bellevue, WA","53","Washington","033","King","47.597222","-122.319722"
"11/09/2019","AQS","530330030","5","9.4","ug/m3 LC","52","Seattle-10th & Weller","1","100.0000","88101","PM2.5 - Local Conditions","170","Met One BAM-1020 Mass Monitor w/VSCC","42660","Seattle-Tacoma-Bellevue, WA","53","Washington","033","King","47.597222","-122.319722"
"11/10/2019","AQS","530330030","5","8.9","ug/m3 LC","49","Seattle-10th & Weller","1","100.0000","88101","PM2.5 - Local Conditions","170","Met One BAM-1020 Mass Monitor w/VSCC","42660","Seattle-Tacoma-Bellevue, WA","53","Washington","033","King","47.597222","-122.319722"
"11/11/2019","AQS","530330030","5","9.9","ug/m3 LC","52","Seattle-10th & Weller","1","100.0000","88101","PM2.5 - Local Conditions","170","Met One BAM-1020 Mass Monitor w/VSCC","42660","Seattle-Tacoma-Bellevue, WA","53","Washington","033","King","47.597222","-122.319722"
"11/12/2019","AQS","530330030","5","9.1","ug/m3 LC","51","Seattle-10th & Weller","1","100.0000","88101","PM2.5 - Local Conditions","170","Met One BAM-1020 Mass Monitor w/VSCC","42660","Seattle-Tacoma-Bellevue, WA","53","Washington","033","King","47.597222","-122.319722"
"11/13/2019","AQS","530330030","5","8.7","ug/m3 LC","48","Seattle-10th & Weller","1","100.0000","88101","PM2.5 - Local Conditions","170","Met One BAM-1020 Mass Monitor w/VSCC","42660","Seattle-Tacoma-Bellevue, WA","53","Washington","033","King","47.597222","-122.319722"
"11/14/2019","AQS","530330030","5","15.5","ug/m3 LC","63","Seattle-10th & Weller","1","100.0000","88101","PM2.5 - Local Conditions","170","Met One BAM-1020 Mass Monitor w/VSCC","42660","Seattle-Tacoma-Bellevue, WA","53","Washington","033","King","47.597222","-122.319722"
"11/15/2019","AQS","530330030","5","7.5","ug/m3 LC","42","Seattle-10th & Weller","1","100.0000","88101","PM2.5 - Local Conditions","170","Met One BAM-1020 Mass Monitor w/VSCC","42660","Seattle-Tacoma-Bellevue, WA","53","Washington","033","King","47.597222","-122.319722"
"11/16/2019","AQS","530330030","5","7.1","ug/m3 LC","39","Seattle-10th & Weller","1","100.0000","88101","PM2.5 - Local Conditions","170","Met One BAM-1020 Mass Monitor w/VSCC","42660","Seattle-Tacoma-Bellevue, WA","53","Washington","033","King","47.597222","-122.319722"
"11/17/2019","AQS","530330030","5","5.7","ug/m3 LC","32","Seattle-10th & Weller","1","100.0000","88101","PM2.5 - Local Conditions","170","Met One BAM-1020 Mass Monitor w/VSCC","42660","Seattle-Tacoma-Bellevue, WA","53","Washington","033","King","47.597222","-122.319722"
"11/18/2019","AQS","530330030","5","4.5","ug/m3 LC","25","Seattle-10th & Weller","1","100.0000","88101","PM2.5 - Local Conditions","170","Met One BAM-1020 Mass Monitor w/VSCC","42660","Seattle-Tacoma-Bellevue, WA","53","Washington","033","King","47.597222","-122.319722"
"11/19/2019","AQS","530330030","5","5.5","ug/m3 LC","31","Seattle-10th & Weller","1","100.0000","88101","PM2.5 - Local Conditions","170","Met One BAM-1020 Mass Monitor w/VSCC","42660","Seattle-Tacoma-Bellevue, WA","53","Washington","033","King","47.597222","-122.319722"
"11/20/2019","AQS","530330030","5","6.6","ug/m3 LC","37","Seattle-10th & Weller","1","100.0000","88101","PM2.5 - Local Conditions","170","Met One BAM-1020 Mass Monitor w/VSCC","42660","Seattle-Tacoma-Bellevue, WA","53","Washington","033","King","47.597222","-122.319722"
"11/21/2019","AQS","530330030","5","13.9","ug/m3 LC","60","Seattle-10th & Weller","1","100.0000","88101","PM2.5 - Local Conditions","170","Met One BAM-1020 Mass Monitor w/VSCC","42660","Seattle-Tacoma-Bellevue, WA","53","Washington","033","King","47.597222","-122.319722"
"11/22/2019","AQS","530330030","5","19.1","ug/m3 LC","70","Seattle-10th & Weller","1","100.0000","88101","PM2.5 - Local Conditions","170","Met One BAM-1020 Mass Monitor w/VSCC","42660","Seattle-Tacoma-Bellevue, WA","53","Washington","033","King","47.597222","-122.319722"
"11/23/2019","AQS","530330030","5","13.5","ug/m3 LC","59","Seattle-10th & Weller","1","100.0000","88101","PM2.5 - Local Conditions","170","Met One BAM-1020 Mass Monitor w/VSCC","42660","Seattle-Tacoma-Bellevue, WA","53","Washington","033","King","47.597222","-122.319722"
"11/24/2019","AQS","530330030","5","6.4","ug/m3 LC","36","Seattle-10th & Weller","1","100.0000","88101","PM2.5 - Local Conditions","170","Met One BAM-1020 Mass Monitor w/VSCC","42660","Seattle-Tacoma-Bellevue, WA","53","Washington","033","King","47.597222","-122.319722"
"11/25/2019","AQS","530330030","5","4.4","ug/m3 LC","24","Seattle-10th & Weller","1","100.0000","88101","PM2.5 - Local Conditions","170","Met One BAM-1020 Mass Monitor w/VSCC","42660","Seattle-Tacoma-Bellevue, WA","53","Washington","033","King","47.597222","-122.319722"
"11/26/2019","AQS","530330030","5","2.6","ug/m3 LC","14","Seattle-10th & Weller","1","100.0000","88101","PM2.5 - Local Conditions","170","Met One BAM-1020 Mass Monitor w/VSCC","42660","Seattle-Tacoma-Bellevue, WA","53","Washington","033","King","47.597222","-122.319722"
"11/27/2019","AQS","530330030","5","4.2","ug/m3 LC","23","Seattle-10th & Weller","1","100.0000","88101","PM2.5 - Local Conditions","170","Met One BAM-1020 Mass Monitor w/VSCC","42660","Seattle-Tacoma-Bellevue, WA","53","Washington","033","King","47.597222","-122.319722"
"11/28/2019","AQS","530330030","5","4.6","ug/m3 LC","26","Seattle-10th & Weller","1","100.0000","88101","PM2.5 - Local Conditions","170","Met One BAM-1020 Mass Monitor w/VSCC","42660","Seattle-Tacoma-Bellevue, WA","53","Washington","033","King","47.597222","-122.319722"
"11/29/2019","AQS","530330030","5","8.3","ug/m3 LC","46","Seattle-10th & Weller","1","100.0000","88101","PM2.5 - Local Conditions","170","Met One BAM-1020 Mass Monitor w/VSCC","42660","Seattle-Tacoma-Bellevue, WA","53","Washington","033","King","47.597222","-122.319722"
"11/30/2019","AQS","530330030","5","10.8","ug/m3 LC","54","Seattle-10th & Weller","1","100.0000","88101","PM2.5 - Local Conditions","170","Met One BAM-1020 Mass Monitor w/VSCC","42660","Seattle-Tacoma-Bellevue, WA","53","Washington","033","King","47.597222","-122.319722"
"12/01/2019","AQS","530330030","5","5.7","ug/m3 LC","32","Seattle-10th & Weller","1","100.0000","88101","PM2.5 - Local Conditions","170","Met One BAM-1020 Mass Monitor w/VSCC","42660","Seattle-Tacoma-Bellevue, WA","53","Washington","033","King","47.597222","-122.319722"
"12/02/2019","AQS","530330030","5","13.2","ug/m3 LC","59","Seattle-10th & Weller","1","100.0000","88101","PM2.5 - Local Conditions","170","Met One BAM-1020 Mass Monitor w/VSCC","42660","Seattle-Tacoma-Bellevue, WA","53","Washington","033","King","47.597222","-122.319722"
"12/03/2019","AQS","530330030","5","10.2","ug/m3 LC","53","Seattle-10th & Weller","1","100.0000","88101","PM2.5 - Local Conditions","170","Met One BAM-1020 Mass Monitor w/VSCC","42660","Seattle-Tacoma-Bellevue, WA","53","Washington","033","King","47.597222","-122.319722"
"12/04/2019","AQS","530330030","5","10.4","ug/m3 LC","53","Seattle-10th & Weller","1","100.0000","88101","PM2.5 - Local Conditions","170","Met One BAM-1020 Mass Monitor w/VSCC","42660","Seattle-Tacoma-Bellevue, WA","53","Washington","033","King","47.597222","-122.319722"
"12/05/2019","AQS","530330030","5","11.7","ug/m3 LC","56","Seattle-10th & Weller","1","100.0000","88101","PM2.5 - Local Conditions","170","Met One BAM-1020 Mass Monitor w/VSCC","42660","Seattle-Tacoma-Bellevue, WA","53","Washington","033","King","47.597222","-122.319722"
"12/06/2019","AQS","530330030","5","13.6","ug/m3 LC","59","Seattle-10th & Weller","1","100.0000","88101","PM2.5 - Local Conditions","170","Met One BAM-1020 Mass Monitor w/VSCC","42660","Seattle-Tacoma-Bellevue, WA","53","Washington","033","King","47.597222","-122.319722"
"12/07/2019","AQS","530330030","5","6.2","ug/m3 LC","34","Seattle-10th & Weller","1","100.0000","88101","PM2.5 - Local Conditions","170","Met One BAM-1020 Mass Monitor w/VSCC","42660","Seattle-Tacoma-Bellevue, WA","53","Washington","033","King","47.597222","-122.319722"
"12/08/2019","AQS","530330030","5","7.2","ug/m3 LC","40","Seattle-10th & Weller","1","100.0000","88101","PM2.5 - Local Conditions","170","Met One BAM-1020 Mass Monitor w/VSCC","42660","Seattle-Tacoma-Bellevue, WA","53","Washington","033","King","47.597222","-122.319722"
"12/09/2019","AQS","530330030","5","6.3","ug/m3 LC","35","Seattle-10th & Weller","1","100.0000","88101","PM2.5 - Local Conditions","170","Met One BAM-1020 Mass Monitor w/VSCC","42660","Seattle-Tacoma-Bellevue, WA","53","Washington","033","King","47.597222","-122.319722"
"12/10/2019","AQS","530330030","5","8.8","ug/m3 LC","49","Seattle-10th & Weller","1","100.0000","88101","PM2.5 - Local Conditions","170","Met One BAM-1020 Mass Monitor w/VSCC","42660","Seattle-Tacoma-Bellevue, WA","53","Washington","033","King","47.597222","-122.319722"
"12/11/2019","AQS","530330030","5","6.3","ug/m3 LC","35","Seattle-10th & Weller","1","100.0000","88101","PM2.5 - Local Conditions","170","Met One BAM-1020 Mass Monitor w/VSCC","42660","Seattle-Tacoma-Bellevue, WA","53","Washington","033","King","47.597222","-122.319722"
"12/12/2019","AQS","530330030","5","6","ug/m3 LC","33","Seattle-10th & Weller","1","100.0000","88101","PM2.5 - Local Conditions","170","Met One BAM-1020 Mass Monitor w/VSCC","42660","Seattle-Tacoma-Bellevue, WA","53","Washington","033","King","47.597222","-122.319722"
"12/13/2019","AQS","530330030","5","4","ug/m3 LC","22","Seattle-10th & Weller","1","100.0000","88101","PM2.5 - Local Conditions","170","Met One BAM-1020 Mass Monitor w/VSCC","42660","Seattle-Tacoma-Bellevue, WA","53","Washington","033","King","47.597222","-122.319722"
"12/14/2019","AQS","530330030","5","5.8","ug/m3 LC","32","Seattle-10th & Weller","1","100.0000","88101","PM2.5 - Local Conditions","170","Met One BAM-1020 Mass Monitor w/VSCC","42660","Seattle-Tacoma-Bellevue, WA","53","Washington","033","King","47.597222","-122.319722"
"12/15/2019","AQS","530330030","5","5.8","ug/m3 LC","32","Seattle-10th & Weller","1","100.0000","88101","PM2.5 - Local Conditions","170","Met One BAM-1020 Mass Monitor w/VSCC","42660","Seattle-Tacoma-Bellevue, WA","53","Washington","033","King","47.597222","-122.319722"
"12/16/2019","AQS","530330030","5","4.7","ug/m3 LC","26","Seattle-10th & Weller","1","100.0000","88101","PM2.5 - Local Conditions","170","Met One BAM-1020 Mass Monitor w/VSCC","42660","Seattle-Tacoma-Bellevue, WA","53","Washington","033","King","47.597222","-122.319722"
"12/17/2019","AQS","530330030","5","13.3","ug/m3 LC","59","Seattle-10th & Weller","1","100.0000","88101","PM2.5 - Local Conditions","170","Met One BAM-1020 Mass Monitor w/VSCC","42660","Seattle-Tacoma-Bellevue, WA","53","Washington","033","King","47.597222","-122.319722"
"12/18/2019","AQS","530330030","5","14.7","ug/m3 LC","61","Seattle-10th & Weller","1","100.0000","88101","PM2.5 - Local Conditions","170","Met One BAM-1020 Mass Monitor w/VSCC","42660","Seattle-Tacoma-Bellevue, WA","53","Washington","033","King","47.597222","-122.319722"
"12/19/2019","AQS","530330030","5","4.9","ug/m3 LC","27","Seattle-10th & Weller","1","100.0000","88101","PM2.5 - Local Conditions","170","Met One BAM-1020 Mass Monitor w/VSCC","42660","Seattle-Tacoma-Bellevue, WA","53","Washington","033","King","47.597222","-122.319722"
"12/20/2019","AQS","530330030","5","5.2","ug/m3 LC","29","Seattle-10th & Weller","1","100.0000","88101","PM2.5 - Local Conditions","170","Met One BAM-1020 Mass Monitor w/VSCC","42660","Seattle-Tacoma-Bellevue, WA","53","Washington","033","King","47.597222","-122.319722"
"12/21/2019","AQS","530330030","5","2.5","ug/m3 LC","14","Seattle-10th & Weller","1","100.0000","88101","PM2.5 - Local Conditions","170","Met One BAM-1020 Mass Monitor w/VSCC","42660","Seattle-Tacoma-Bellevue, WA","53","Washington","033","King","47.597222","-122.319722"
"12/22/2019","AQS","530330030","5","3.2","ug/m3 LC","18","Seattle-10th & Weller","1","100.0000","88101","PM2.5 - Local Conditions","170","Met One BAM-1020 Mass Monitor w/VSCC","42660","Seattle-Tacoma-Bellevue, WA","53","Washington","033","King","47.597222","-122.319722"
"12/23/2019","AQS","530330030","5","4.3","ug/m3 LC","24","Seattle-10th & Weller","1","100.0000","88101","PM2.5 - Local Conditions","170","Met One BAM-1020 Mass Monitor w/VSCC","42660","Seattle-Tacoma-Bellevue, WA","53","Washington","033","King","47.597222","-122.319722"
"12/24/2019","AQS","530330030","5","8.5","ug/m3 LC","47","Seattle-10th & Weller","1","100.0000","88101","PM2.5 - Local Conditions","170","Met One BAM-1020 Mass Monitor w/VSCC","42660","Seattle-Tacoma-Bellevue, WA","53","Washington","033","King","47.597222","-122.319722"
"12/25/2019","AQS","530330030","5","10.1","ug/m3 LC","53","Seattle-10th & Weller","1","100.0000","88101","PM2.5 - Local Conditions","170","Met One BAM-1020 Mass Monitor w/VSCC","42660","Seattle-Tacoma-Bellevue, WA","53","Washington","033","King","47.597222","-122.319722"
"12/26/2019","AQS","530330030","5","13","ug/m3 LC","58","Seattle-10th & Weller","1","100.0000","88101","PM2.5 - Local Conditions","170","Met One BAM-1020 Mass Monitor w/VSCC","42660","Seattle-Tacoma-Bellevue, WA","53","Washington","033","King","47.597222","-122.319722"
"12/27/2019","AQS","530330030","5","8.5","ug/m3 LC","47","Seattle-10th & Weller","1","100.0000","88101","PM2.5 - Local Conditions","170","Met One BAM-1020 Mass Monitor w/VSCC","42660","Seattle-Tacoma-Bellevue, WA","53","Washington","033","King","47.597222","-122.319722"
"12/28/2019","AQS","530330030","5","9.1","ug/m3 LC","51","Seattle-10th & Weller","1","100.0000","88101","PM2.5 - Local Conditions","170","Met One BAM-1020 Mass Monitor w/VSCC","42660","Seattle-Tacoma-Bellevue, WA","53","Washington","033","King","47.597222","-122.319722"
"12/29/2019","AQS","530330030","5","7.3","ug/m3 LC","41","Seattle-10th & Weller","1","100.0000","88101","PM2.5 - Local Conditions","170","Met One BAM-1020 Mass Monitor w/VSCC","42660","Seattle-Tacoma-Bellevue, WA","53","Washington","033","King","47.597222","-122.319722"
"12/30/2019","AQS","530330030","5","3.9","ug/m3 LC","22","Seattle-10th & Weller","1","100.0000","88101","PM2.5 - Local Conditions","170","Met One BAM-1020 Mass Monitor w/VSCC","42660","Seattle-Tacoma-Bellevue, WA","53","Washington","033","King","47.597222","-122.319722"
"12/31/2019","AQS","530330030","5","3.4","ug/m3 LC","19","Seattle-10th & Weller","1","100.0000","88101","PM2.5 - Local Conditions","170","Met One BAM-1020 Mass Monitor w/VSCC","42660","Seattle-Tacoma-Bellevue, WA","53","Washington","033","King","47.597222","-122.319722"
